#node1	node2	node1_string_internal_id	node2_string_internal_id	node1_external_id	node2_external_id	neighborhood_on_chromosome	gene_fusion	phylogenetic_cooccurrence	homology	coexpression	experimentally_determined_interaction	database_annotated	automated_textmining	combined_score	uniProtID	uniProtID
rpoC	rpoB	11666393	11666392	260799.BAS0103	260799.BAS0102	0.820	0.887	0.761	0	0.989	0.950	0.800	0.685	0.999	P77819	Q81VT8
pyrC	carB	11669994	11669992	260799.BAS3739	260799.BAS3737	0.905	0.713	0.390	0	0.989	0.450	0	0.665	0.999	Q81WF0	Q81WF2
pyrB	carB	11669995	11669992	260799.BAS3740	260799.BAS3737	0.905	0.699	0.669	0	0.979	0.470	0.900	0.667	0.999	Q81WE9	Q81WF2
ilvD	ilvC2	11667986	11667985	260799.BAS1717	260799.BAS1716	0.719	0	0.766	0	0.676	0.421	0.900	0.533	0.999	Q81S26	Q81S27
proB	proA	11669044	11669043	260799.BAS2782	260799.BAS2781	0.849	0.679	0.784	0	0.382	0	0.900	0.675	0.999	Q81P26	Q81P27
trpA	trpB	11667437	11667436	260799.BAS1162	260799.BAS1161	0.905	0.780	0.783	0	0.958	0.950	0.900	0.669	0.999	Q81TL7	Q81TL8
hemA	hemL2	11670614	11670609	260799.BAS4363	260799.BAS4358	0.818	0	0.780	0	0.063	0.457	0.900	0.805	0.999	Q81LC5	Q81LD0
pyrB	pyrC	11669995	11669994	260799.BAS3740	260799.BAS3739	0.905	0.571	0.721	0	0.999	0.516	0.900	0.685	0.999	Q81WE9	Q81WF0
pyrK	pyrD	11669991	11669990	260799.BAS3736	260799.BAS3735	0.905	0.336	0.776	0	0.061	0.484	0.800	0.663	0.999	Q81WF3	Q81WF4
pyrC	pyrD	11669994	11669990	260799.BAS3739	260799.BAS3735	0.905	0	0.494	0	0.118	0.376	0.900	0.668	0.998	Q81WF0	Q81WF4
glgB	glgA	11671009	11671006	260799.BAS4761	260799.BAS4758	0.771	0.095	0.777	0	0.312	0	0.900	0.685	0.998	Q81K82	Q81K85
pgk	eno	11671231	11671228	260799.BAS4988	260799.BAS4985	0.792	0	0.624	0	0.926	0.460	0	0.685	0.998	Q81X75	Q81X78
addA	addB	11667337	11667336	260799.BAS1061	260799.BAS1060	0.905	0	0.784	0	0.121	0.486	0	0.685	0.996	Q81TW1	Q81TW2
hemA	hemL1	11670614	11666783	260799.BAS4363	260799.BAS0499	0.129	0	0.779	0	0.063	0.457	0.900	0.732	0.996	Q81LC5	Q81YV0
hemA	hemC	11670614	11670612	260799.BAS4363	260799.BAS4361	0.864	0.620	0.718	0	0.263	0	0	0.685	0.996	Q81LC5	Q81LC7
pgk	gpmI	11671231	11671229	260799.BAS4988	260799.BAS4986	0.842	0	0	0	0.373	0	0.900	0.685	0.996	Q81X75	Q81X77
pyrC	pyrK	11669994	11669991	260799.BAS3739	260799.BAS3736	0.905	0	0.255	0	0.063	0	0.900	0.531	0.996	Q81WF0	Q81WF3
argG	carB	11670779	11669992	260799.BAS4528	260799.BAS3737	0.259	0.776	0	0	0.713	0.460	0.800	0.520	0.996	Q81KV7	Q81WF2
gpmI	eno	11671229	11671228	260799.BAS4986	260799.BAS4985	0.846	0	0	0	0.222	0	0.900	0.706	0.996	Q81X77	Q81X78
pyrG	rpoB	11671430	11666392	260799.BAS5187	260799.BAS0102	0	0	0	0	0.707	0.287	0.900	0.675	0.992	Q81JW1	Q81VT8
anmK	murQ	11668558	11667063	260799.BAS2293	260799.BAS0783	0.368	0.660	0.494	0	0	0	0.900	0.319	0.991	Q81QG0	Q81UP1
pyrG	guaA	11671430	11666542	260799.BAS5187	260799.BAS0254	0.415	0	0	0	0.929	0.428	0	0.685	0.991	Q81JW1	Q81VE0
carB	pyrD	11669992	11669990	260799.BAS3737	260799.BAS3735	0.905	0	0.372	0	0.532	0.196	0	0.667	0.991	Q81WF2	Q81WF4
rph	BAS4376	11670628	11670627	260799.BAS4377	260799.BAS4376	0.905	0.897	0	0	0.098	0	0	0	0.990	Q81LA9	Q81LB0
hemC	hemL2	11670612	11670609	260799.BAS4361	260799.BAS4358	0.873	0	0.748	0	0.105	0	0	0.685	0.989	Q81LC7	Q81LD0
guaA	lysS	11666542	11666367	260799.BAS0254	260799.BAS0076	0.055	0	0	0	0.931	0	0	0.810	0.986	Q81VE0	Q81VW3
eno	pgi	11671228	11671014	260799.BAS4985	260799.BAS4767	0.109	0	0	0	0.712	0.179	0.800	0.673	0.983	Q81X78	Q81K75
argG	argF	11670779	11670290	260799.BAS4528	260799.BAS4036	0.368	0	0.272	0	0.260	0	0.900	0.537	0.981	Q81KV7	Q81M99
asnS	gatB	11670705	11666591	260799.BAS4454	260799.BAS0307	0.129	0	0	0	0.188	0.449	0.900	0.537	0.978	Q81L32	Q81ZE7
gatB	gltX	11666591	11666377	260799.BAS0307	260799.BAS0087	0.150	0	0	0	0.195	0.458	0.900	0.500	0.978	Q81ZE7	Q81VV3
pyrB	pyrD	11669995	11669990	260799.BAS3740	260799.BAS3735	0.905	0	0.456	0	0.155	0	0	0.538	0.977	Q81WE9	Q81WF4
pyrG	rpoC	11671430	11666393	260799.BAS5187	260799.BAS0103	0	0	0	0	0.472	0.179	0.900	0.500	0.975	Q81JW1	P77819
argF	carB	11670290	11669992	260799.BAS4036	260799.BAS3737	0.259	0.223	0	0	0.063	0.468	0.900	0.319	0.975	Q81M99	Q81WF2
purA	pyrB	11671561	11669995	260799.BAS5320	260799.BAS3740	0.139	0	0.430	0	0.061	0	0.900	0.524	0.974	Q81JI9	Q81WE9
proB	guaA	11669044	11666542	260799.BAS2782	260799.BAS0254	0.103	0	0	0	0	0	0.900	0.685	0.969	Q81P26	Q81VE0
BAS4376	guaA	11670627	11666542	260799.BAS4376	260799.BAS0254	0.169	0	0.234	0	0.110	0	0.900	0.522	0.967	Q81LB0	Q81VE0
fusA	rpoB	11666397	11666392	260799.BAS0107	260799.BAS0102	0.446	0	0.452	0	0.692	0	0	0.671	0.965	Q81VT3	Q81VT8
pnp	rpoB	11669913	11666392	260799.BAS3658	260799.BAS0102	0.067	0	0	0	0.297	0	0.900	0.500	0.962	Q81WM8	Q81VT8
pyrB	pyrK	11669995	11669991	260799.BAS3740	260799.BAS3736	0.905	0	0.222	0	0	0	0	0.521	0.961	Q81WE9	Q81WF3
purA	argG	11671561	11670779	260799.BAS5320	260799.BAS4528	0.140	0	0.195	0	0.325	0	0.900	0.296	0.961	Q81JI9	Q81KV7
purA	guaA	11671561	11666542	260799.BAS5320	260799.BAS0254	0.415	0	0.576	0	0.377	0	0	0.757	0.957	Q81JI9	Q81VE0
pnp	rpoC	11669913	11666393	260799.BAS3658	260799.BAS0103	0.067	0	0	0	0.184	0	0.900	0.500	0.956	Q81WM8	P77819
carB	pyrK	11669992	11669991	260799.BAS3737	260799.BAS3736	0.905	0	0	0	0	0	0	0.536	0.954	Q81WF2	Q81WF3
hemA	gltX	11670614	11666377	260799.BAS4363	260799.BAS0087	0	0	0	0	0.063	0	0.900	0.500	0.949	Q81LC5	Q81VV3
pyrD	guaA	11669990	11666542	260799.BAS3735	260799.BAS0254	0.138	0	0.183	0	0.699	0	0	0.771	0.945	Q81WF4	Q81VE0
BAS4297	gatB	11670549	11666591	260799.BAS4297	260799.BAS0307	0.358	0.303	0.250	0	0.477	0.458	0	0.500	0.941	Q81LI7	Q81ZE7
carB	proB	11669992	11669044	260799.BAS3737	260799.BAS2782	0.104	0	0	0	0.084	0.207	0.900	0.234	0.941	Q81WF2	Q81P26
carB	guaA	11669992	11666542	260799.BAS3737	260799.BAS0254	0.210	0	0.367	0	0.844	0	0	0.239	0.932	Q81WF2	Q81VE0
fusA	rpoC	11666397	11666393	260799.BAS0107	260799.BAS0103	0.498	0	0.378	0	0.541	0.128	0	0.535	0.931	Q81VT3	P77819
pheT	ileS1	11670706	11670001	260799.BAS4455	260799.BAS3746	0.257	0	0	0	0.676	0.462	0	0.533	0.931	Q81L31	Q81WE4
pheT	ileS2	11670706	11668294	260799.BAS4455	260799.BAS2027	0.257	0	0	0	0.676	0.462	0	0.533	0.931	Q81L31	Q81R75
ilvD	panB	11667986	11667722	260799.BAS1717	260799.BAS1449	0	0	0	0	0.067	0	0.900	0.325	0.931	Q81S26	Q81ST3
metE	metS	11670166	11666328	260799.BAS3912	260799.BAS0037	0.163	0	0	0	0.064	0.070	0.900	0.189	0.930	Q6KNA9	Q81W03
argG	pyrB	11670779	11669995	260799.BAS4528	260799.BAS3740	0.103	0	0	0	0.077	0	0.900	0.238	0.928	Q81KV7	Q81WE9
dapF	carB	11671053	11669992	260799.BAS4806	260799.BAS3737	0.159	0.890	0.187	0	0.062	0	0	0.121	0.927	Q81XR2	Q81WF2
infB	rpoB	11669919	11666392	260799.BAS3664	260799.BAS0102	0.100	0	0.469	0	0.672	0.142	0	0.538	0.926	Q81WM3	Q81VT8
pyrG	BAS4376	11671430	11670627	260799.BAS5187	260799.BAS4376	0	0	0.160	0	0.064	0	0.900	0.146	0.923	Q81JW1	Q81LB0
pyrG	proB	11671430	11669044	260799.BAS5187	260799.BAS2782	0.042	0	0	0	0.064	0	0.900	0.239	0.922	Q81JW1	Q81P26
argD	argF	11670291	11670290	260799.BAS4037	260799.BAS4036	0.849	0	0.333	0	0.104	0	0	0.239	0.922	Q81M98	Q81M99
pnp	cmk	11669913	11667680	260799.BAS3658	260799.BAS1407	0.160	0	0	0	0.066	0	0.900	0.060	0.916	Q81WM8	Q81SX6
guaA	metS	11666542	11666328	260799.BAS0254	260799.BAS0037	0.415	0	0	0	0.426	0.294	0	0.685	0.915	Q81VE0	Q81W03
gltX	lysS	11666377	11666367	260799.BAS0087	260799.BAS0076	0.160	0	0.319	0	0.539	0.403	0	0.534	0.913	Q81VV3	Q81VW3
gpmI	pgi	11671229	11671014	260799.BAS4986	260799.BAS4767	0.072	0	0	0	0.120	0	0.800	0.532	0.913	Q81X77	Q81K75
guaA	groL	11666542	11666541	260799.BAS0254	260799.BAS0253	0.624	0	0.187	0	0.192	0	0	0.685	0.912	Q81VE0	Q81VE1
proA	rocA	11669043	11666579	260799.BAS2781	260799.BAS0295	0	0	0	0	0.062	0	0.900	0.121	0.910	Q81P27	Q81ZF8
pgk	pgi	11671231	11671014	260799.BAS4988	260799.BAS4767	0.108	0	0	0	0.714	0	0	0.676	0.910	Q81X75	Q81K75
upp	cmk	11671407	11667680	260799.BAS5164	260799.BAS1407	0.109	0	0	0	0.065	0	0.900	0	0.909	Q81JY5	Q81SX6
pyrB	asnA	11669995	11667943	260799.BAS3740	260799.BAS1673	0	0	0	0	0	0	0.900	0.129	0.909	Q81WE9	Q81S64
guaA	rpoB	11666542	11666392	260799.BAS0254	260799.BAS0102	0	0	0	0	0.715	0	0	0.685	0.906	Q81VE0	Q81VT8
proB	rocA	11669044	11666579	260799.BAS2782	260799.BAS0295	0	0	0	0	0	0	0.900	0.108	0.906	Q81P26	Q81ZF8
hslO	coaX	11666357	11666356	260799.BAS0066	260799.BAS0065	0.905	0	0	0	0	0	0	0	0.905	Q81VX3	Q81VX4
carB	glsA2	11669992	11669194	260799.BAS3737	260799.BAS2932	0	0	0	0	0.064	0	0.900	0.060	0.904	Q81WF2	Q81NN0
gpsA	der	11667688	11667687	260799.BAS1415	260799.BAS1414	0.873	0	0.186	0	0.134	0	0	0	0.902	Q81SW8	Q81SW9
purA	asnA	11671561	11667943	260799.BAS5320	260799.BAS1673	0.067	0	0	0	0	0	0.900	0	0.902	Q81JI9	Q81S64
hemH2	hemH1	11667351	11667277	260799.BAS1075	260799.BAS1000	0	0	0.785	0.971	0	0	0.900	0	0.902	Q81TU9	Q81U22
murD	glsA2	11670018	11669194	260799.BAS3763	260799.BAS2932	0.061	0	0	0	0	0	0.900	0	0.902	Q81WC9	Q81NN0
der	cmk	11667687	11667680	260799.BAS1414	260799.BAS1407	0.368	0.752	0.220	0	0.099	0	0	0.239	0.901	Q81SW9	Q81SX6
pheT	guaA	11670706	11666542	260799.BAS4455	260799.BAS0254	0.415	0	0	0	0.772	0.180	0	0.208	0.901	Q81L31	Q81VE0
glsA2	rocA	11669194	11666579	260799.BAS2932	260799.BAS0295	0	0	0	0	0	0	0.900	0	0.900	Q81NN0	Q81ZF8
argG	asnA	11670779	11667943	260799.BAS4528	260799.BAS1673	0	0	0	0	0	0	0.900	0	0.900	Q81KV7	Q81S64
infB	gltX	11669919	11666377	260799.BAS3664	260799.BAS0087	0.129	0	0.534	0	0.181	0.468	0	0.524	0.900	Q81WM3	Q81VV3
glsA2	proB	11669194	11669044	260799.BAS2932	260799.BAS2782	0	0	0	0	0	0	0.900	0	0.900	Q81NN0	Q81P26
ppk	ppaC	11670157	11668898	260799.BAS3903	260799.BAS2635	0	0	0	0	0	0	0.900	0	0.900	Q81MN9	Q81PH9
pyrB	guaA	11669995	11666542	260799.BAS3740	260799.BAS0254	0.067	0	0.631	0	0.179	0	0	0.685	0.899	Q81WE9	Q81VE0
pgk	fusA	11671231	11666397	260799.BAS4988	260799.BAS0107	0.357	0	0.531	0	0.263	0.171	0	0.529	0.897	Q81X75	Q81VT3
fabZ	accD	11671359	11670747	260799.BAS5116	260799.BAS4495	0.368	0	0.508	0	0.098	0	0	0.664	0.893	Q81JE0	Q81KY8
hemC	hemL1	11670612	11666783	260799.BAS4361	260799.BAS0499	0.129	0	0.740	0	0.105	0	0	0.527	0.891	Q81LC7	Q81YV0
leuS	gltX	11670885	11666377	260799.BAS4637	260799.BAS0087	0.057	0	0.323	0	0.538	0.371	0	0.500	0.890	Q81KK6	Q81VV3
leuS	pheT	11670885	11670706	260799.BAS4637	260799.BAS4455	0.317	0	0	0	0.530	0	0	0.678	0.887	Q81KK6	Q81L31
leuS	lepA	11670885	11670470	260799.BAS4637	260799.BAS4218	0.129	0	0.500	0	0.261	0	0	0.675	0.881	Q81KK6	Q81LR7
infB	rpoC	11669919	11666393	260799.BAS3664	260799.BAS0103	0.057	0	0.508	0	0.493	0.142	0	0.500	0.880	Q81WM3	P77819
panB	guaA	11667722	11666542	260799.BAS1449	260799.BAS0254	0.415	0	0.155	0	0	0	0	0.775	0.879	Q81ST3	Q81VE0
pheT	lysS	11670706	11666367	260799.BAS4455	260799.BAS0076	0.104	0	0.228	0	0.793	0	0	0.239	0.876	Q81L31	Q81VW3
pheT	metS	11670706	11666328	260799.BAS4455	260799.BAS0037	0.415	0	0	0	0.376	0	0	0.685	0.874	Q81L31	Q81W03
clpP2	groL	11671243	11666541	260799.BAS5000	260799.BAS0253	0.052	0	0.575	0	0.097	0.100	0	0.663	0.869	Q81X63	Q81VE1
pyrG	carB	11671430	11669992	260799.BAS5187	260799.BAS3737	0.225	0	0	0	0.416	0.202	0	0.673	0.866	Q81JW1	Q81WF2
alaS	ileS1	11670536	11670001	260799.BAS4284	260799.BAS3746	0.069	0	0.330	0	0.476	0.279	0	0.522	0.866	Q81LK0	Q81WE4
rsmH	ftsL	11670024	11670023	260799.BAS3769	260799.BAS3768	0.829	0	0	0	0.099	0	0	0.189	0.864	Q81WC3	Q81WC4
leuS	lysS	11670885	11666367	260799.BAS4637	260799.BAS0076	0.075	0	0	0	0.527	0.447	0	0.500	0.862	Q81KK6	Q81VW3
argS1	pheT	11671456	11670706	260799.BAS5213	260799.BAS4455	0.340	0	0	0	0.557	0.114	0	0.533	0.862	Q81JT7	Q81L31
ilvD	guaA	11667986	11666542	260799.BAS1717	260799.BAS0254	0.106	0	0	0	0.549	0	0	0.685	0.861	Q81S26	Q81VE0
leuS	ileS2	11670885	11668294	260799.BAS4637	260799.BAS2027	0.109	0	0	0.586	0.707	0.376	0	0.522	0.859	Q81KK6	Q81R75
leuS	ileS1	11670885	11670001	260799.BAS4637	260799.BAS3746	0.109	0	0	0.589	0.707	0.376	0	0.522	0.859	Q81KK6	Q81WE4
leuS	BAS4297	11670885	11670549	260799.BAS4637	260799.BAS4297	0.231	0	0.310	0	0.612	0	0	0.396	0.859	Q81KK6	Q81LI7
hrcA	groL	11670467	11666541	260799.BAS4215	260799.BAS0253	0.158	0	0	0	0.342	0	0	0.765	0.858	Q81LS0	Q81VE1
argF	pyrB	11670290	11669995	260799.BAS4036	260799.BAS3740	0.160	0	0	0.641	0.062	0	0.800	0.500	0.858	Q81M99	Q81WE9
pheT	gltX	11670706	11666377	260799.BAS4455	260799.BAS0087	0.109	0	0	0	0.530	0.109	0	0.657	0.854	Q81L31	Q81VV3
glyQS	ileS2	11671031	11668294	260799.BAS4784	260799.BAS2027	0	0	0.164	0	0.686	0.369	0	0.214	0.852	Q81XT3	Q81R75
clpB	groL	11667366	11666541	260799.BAS1090	260799.BAS0253	0.075	0	0.222	0	0.607	0.075	0	0.520	0.851	Q81TT4	Q81VE1
lysS	metS	11666367	11666328	260799.BAS0076	260799.BAS0037	0.129	0	0.201	0	0.364	0.373	0	0.537	0.848	Q81VW3	Q81W03
gltX	metS	11666377	11666328	260799.BAS0087	260799.BAS0037	0.145	0	0.165	0	0.272	0.462	0	0.538	0.847	Q81VV3	Q81W03
lepA	rpoB	11670470	11666392	260799.BAS4218	260799.BAS0102	0	0	0.492	0	0.213	0	0	0.648	0.846	Q81LR7	Q81VT8
fusA	gltX	11666397	11666377	260799.BAS0107	260799.BAS0087	0.068	0	0.561	0	0.229	0.464	0	0.231	0.846	Q81VT3	Q81VV3
pheT	alaS	11670706	11670536	260799.BAS4455	260799.BAS4284	0.106	0	0.246	0	0.517	0.474	0	0.238	0.845	Q81L31	Q81LK0
BAS4297	infB	11670549	11669919	260799.BAS4297	260799.BAS3664	0.159	0	0.477	0	0.305	0.136	0	0.500	0.843	Q81LI7	Q81WM3
argS1	lysS	11671456	11666367	260799.BAS5213	260799.BAS0076	0.055	0	0	0	0.675	0.411	0	0.239	0.843	Q81JT7	Q81VW3
argS1	leuS	11671456	11670885	260799.BAS5213	260799.BAS4637	0	0	0	0	0.523	0.371	0	0.504	0.838	Q81JT7	Q81KK6
efp	fusA	11670355	11666397	260799.BAS4101	260799.BAS0107	0.058	0	0.310	0	0.456	0.191	0	0.523	0.838	Q6KMS8	Q81VT3
infB	pnp	11669919	11669913	260799.BAS3664	260799.BAS3658	0.494	0	0.211	0	0.379	0.178	0	0.325	0.837	Q81WM3	Q81WM8
pyrG	fusA	11671430	11666397	260799.BAS5187	260799.BAS0107	0	0	0	0	0.303	0.092	0	0.760	0.835	Q81JW1	Q81VT3
pnp	guaA	11669913	11666542	260799.BAS3658	260799.BAS0254	0.415	0	0	0	0.172	0	0	0.685	0.834	Q81WM8	Q81VE0
infC	infB	11670722	11669919	260799.BAS4471	260799.BAS3664	0.075	0	0.304	0	0.134	0.465	0	0.529	0.833	Q81L15	Q81WM3
gcvT	rocA	11670384	11666579	260799.BAS4131	260799.BAS0295	0	0	0	0	0.133	0	0.800	0.117	0.833	Q81M06	Q81ZF8
argS1	gltX	11671456	11666377	260799.BAS5213	260799.BAS0087	0.108	0	0	0	0.383	0.456	0	0.504	0.831	Q81JT7	Q81VV3
leuS	alaS	11670885	11670536	260799.BAS4637	260799.BAS4284	0.129	0	0.204	0	0.610	0.349	0	0.188	0.831	Q81KK6	Q81LK0
glyQS	ileS1	11671031	11670001	260799.BAS4784	260799.BAS3746	0	0	0	0	0.686	0.369	0	0.214	0.830	Q81XT3	Q81WE4
argS1	metS	11671456	11666328	260799.BAS5213	260799.BAS0037	0.209	0	0	0	0.274	0.450	0	0.523	0.829	Q81JT7	Q81W03
pyrG	lepA	11671430	11670470	260799.BAS5187	260799.BAS4218	0.160	0	0	0	0.198	0	0	0.764	0.827	Q81JW1	Q81LR7
glyQS	serS	11671031	11666307	260799.BAS4784	260799.BAS0015	0	0	0	0	0.781	0	0	0.240	0.826	Q81XT3	Q81W25
guaA	gltX	11666542	11666377	260799.BAS0254	260799.BAS0087	0	0	0	0	0.463	0	0	0.685	0.823	Q81VE0	Q81VV3
pheT	rpoB	11670706	11666392	260799.BAS4455	260799.BAS0102	0.064	0	0.213	0	0.340	0	0	0.666	0.815	Q81L31	Q81VT8
guaA	fusA	11666542	11666397	260799.BAS0254	260799.BAS0107	0.057	0	0	0	0.461	0	0	0.664	0.814	Q81VE0	Q81VT3
ileS1	lysS	11670001	11666367	260799.BAS3746	260799.BAS0076	0	0	0.243	0	0.525	0.400	0	0.236	0.813	Q81WE4	Q81VW3
ileS1	guaA	11670001	11666542	260799.BAS3746	260799.BAS0254	0	0	0	0	0.463	0	0	0.666	0.812	Q81WE4	Q81VE0
ileS1	gltX	11670001	11666377	260799.BAS3746	260799.BAS0087	0.070	0	0.289	0	0.429	0.451	0	0.233	0.812	Q81WE4	Q81VV3
ileS2	guaA	11668294	11666542	260799.BAS2027	260799.BAS0254	0	0	0	0	0.463	0	0	0.666	0.812	Q81R75	Q81VE0
infC	fusA	11670722	11666397	260799.BAS4471	260799.BAS0107	0	0	0.229	0	0.525	0	0	0.527	0.811	Q81L15	Q81VT3
hemL2	hemL1	11670609	11666783	260799.BAS4358	260799.BAS0499	0	0	0.785	0.943	0	0	0.800	0.231	0.811	Q81LD0	Q81YV0
leuS	infB	11670885	11669919	260799.BAS4637	260799.BAS3664	0.158	0	0.374	0	0.309	0.119	0	0.500	0.810	Q81KK6	Q81WM3
hslU	groL	11669935	11666541	260799.BAS3680	260799.BAS0253	0	0	0	0	0.636	0	0	0.500	0.810	Q81WK6	Q81VE1
alaS	ileS2	11670536	11668294	260799.BAS4284	260799.BAS2027	0.069	0	0	0	0.476	0.279	0	0.522	0.809	Q81LK0	Q81R75
alaS	lepA	11670536	11670470	260799.BAS4284	260799.BAS4218	0.055	0	0.682	0	0.273	0	0	0.231	0.809	Q81LK0	Q81LR7
efp	der	11670355	11667687	260799.BAS4101	260799.BAS1414	0.234	0	0.661	0	0	0.127	0	0.256	0.808	Q6KMS8	Q81SW9
pheT	pnp	11670706	11669913	260799.BAS4455	260799.BAS3658	0.401	0	0	0	0.119	0	0	0.665	0.807	Q81L31	Q81WM8
upp	guaA	11671407	11666542	260799.BAS5164	260799.BAS0254	0.129	0	0	0	0.340	0	0	0.685	0.803	Q81JY5	Q81VE0
leuS	fusA	11670885	11666397	260799.BAS4637	260799.BAS0107	0.061	0	0.205	0	0.288	0	0	0.674	0.803	Q81KK6	Q81VT3
alaS	gltX	11670536	11666377	260799.BAS4284	260799.BAS0087	0.190	0	0.492	0	0.274	0.280	0	0.223	0.802	Q81LK0	Q81VV3
glsA2	proA	11669194	11669043	260799.BAS2932	260799.BAS2781	0.048	0	0	0	0	0	0.800	0	0.801	Q81NN0	Q81P27
ileS1	ileS2	11670001	11668294	260799.BAS3746	260799.BAS2027	0	0	0	0.727	0	0	0.800	0	0.800	Q81WE4	Q81R75
guaA	rpoC	11666542	11666393	260799.BAS0254	260799.BAS0103	0.045	0	0	0	0.386	0	0	0.685	0.799	Q81VE0	P77819
leuS	serS	11670885	11666307	260799.BAS4637	260799.BAS0015	0.150	0	0	0	0.339	0	0	0.670	0.798	Q81KK6	Q81W25
alaS	metS	11670536	11666328	260799.BAS4284	260799.BAS0037	0.139	0	0.264	0	0.261	0.218	0	0.534	0.798	Q81LK0	Q81W03
pheT	BAS4297	11670706	11670549	260799.BAS4455	260799.BAS4297	0	0	0	0	0.276	0.198	0	0.679	0.797	Q81L31	Q81LI7
purA	carB	11671561	11669992	260799.BAS5320	260799.BAS3737	0.129	0	0.664	0	0.193	0	0	0.239	0.796	Q81JI9	Q81WF2
argG	argD	11670779	11670291	260799.BAS4528	260799.BAS4037	0.137	0	0.279	0	0.421	0	0	0.502	0.796	Q81KV7	Q81M98
infB	guaA	11669919	11666542	260799.BAS3664	260799.BAS0254	0.109	0	0	0	0.362	0	0	0.670	0.796	Q81WM3	Q81VE0
efp	ilvD	11670355	11667986	260799.BAS4101	260799.BAS1717	0	0.770	0	0	0.115	0	0	0.072	0.794	Q6KMS8	Q81S26
metS	serS	11666328	11666307	260799.BAS0037	260799.BAS0015	0.110	0	0.175	0	0.452	0	0	0.538	0.789	Q81W03	Q81W25
BAS4297	lepA	11670549	11670470	260799.BAS4297	260799.BAS4218	0.160	0	0.540	0	0.281	0	0	0.325	0.787	Q81LI7	Q81LR7
pyrC	guaA	11669994	11666542	260799.BAS3739	260799.BAS0254	0.129	0	0.263	0	0.074	0	0	0.685	0.787	Q81WF0	Q81VE0
BAS4297	gltX	11670549	11666377	260799.BAS4297	260799.BAS0087	0.077	0	0.328	0	0.241	0	0	0.596	0.784	Q81LI7	Q81VV3
efp	gltX	11670355	11666377	260799.BAS4101	260799.BAS0087	0.141	0	0	0	0.300	0.369	0	0.500	0.784	Q6KMS8	Q81VV3
pyrG	leuS	11671430	11670885	260799.BAS5187	260799.BAS4637	0.076	0	0	0	0.337	0	0	0.674	0.782	Q81JW1	Q81KK6
leuS	rpoB	11670885	11666392	260799.BAS4637	260799.BAS0102	0	0	0.152	0	0.288	0	0	0.666	0.780	Q81KK6	Q81VT8
infC	rpoB	11670722	11666392	260799.BAS4471	260799.BAS0102	0	0	0.453	0	0.204	0	0	0.534	0.779	Q81L15	Q81VT8
hemC	hemH2	11670612	11667351	260799.BAS4361	260799.BAS1075	0.129	0	0.174	0	0.148	0	0	0.683	0.779	Q81LC7	Q81TU9
alaS	infB	11670536	11669919	260799.BAS4284	260799.BAS3664	0.052	0	0.668	0	0.280	0	0	0.132	0.776	Q81LK0	Q81WM3
pgk	groL	11671231	11666541	260799.BAS4988	260799.BAS0253	0	0	0.406	0	0.198	0.134	0	0.516	0.773	Q81X75	Q81VE1
pheT	rpoC	11670706	11666393	260799.BAS4455	260799.BAS0103	0.066	0	0.152	0	0.236	0	0	0.670	0.773	Q81L31	P77819
asnS	ileS2	11670705	11668294	260799.BAS4454	260799.BAS2027	0	0	0	0	0.322	0.383	0	0.503	0.773	Q81L32	Q81R75
asnS	ileS1	11670705	11670001	260799.BAS4454	260799.BAS3746	0	0	0	0	0.322	0.383	0	0.503	0.773	Q81L32	Q81WE4
lepA	gltX	11670470	11666377	260799.BAS4218	260799.BAS0087	0	0	0.494	0	0.134	0	0	0.523	0.772	Q81LR7	Q81VV3
lepA	der	11670470	11667687	260799.BAS4218	260799.BAS1414	0.141	0	0.391	0	0.190	0.083	0	0.500	0.770	Q81LR7	Q81SW9
iolD	iolA2	11668600	11668599	260799.BAS2335	260799.BAS2334	0.522	0	0.483	0	0	0	0	0.139	0.769	Q81QB5	Q81QB6
deoB	guaA	11670251	11666542	260799.BAS3997	260799.BAS0254	0.306	0	0	0	0	0	0	0.681	0.769	Q81ME0	Q81VE0
eno	groL	11671228	11666541	260799.BAS4985	260799.BAS0253	0.059	0	0.194	0	0.123	0.127	0	0.662	0.768	Q81X78	Q81VE1
lysS	serS	11666367	11666307	260799.BAS0076	260799.BAS0015	0.157	0	0.244	0	0.293	0.127	0	0.500	0.767	Q81VW3	Q81W25
alaS	fusA	11670536	11666397	260799.BAS4284	260799.BAS0107	0.047	0	0.709	0	0.123	0	0	0.146	0.764	Q81LK0	Q81VT3
glyQS	gltX	11671031	11666377	260799.BAS4784	260799.BAS0087	0.160	0	0	0	0.518	0.368	0	0.189	0.764	Q81XT3	Q81VV3
pheT	lepA	11670706	11670470	260799.BAS4455	260799.BAS4218	0.415	0	0	0	0.203	0	0	0.534	0.763	Q81L31	Q81LR7
ileS2	lysS	11668294	11666367	260799.BAS2027	260799.BAS0076	0	0	0	0	0.525	0.400	0	0.236	0.763	Q81R75	Q81VW3
glyQS	pheT	11671031	11670706	260799.BAS4784	260799.BAS4455	0.104	0	0	0	0.679	0	0	0.239	0.762	Q81XT3	Q81L31
rsmH	murD	11670024	11670018	260799.BAS3769	260799.BAS3763	0.543	0.340	0	0	0.072	0	0	0.238	0.759	Q81WC3	Q81WC9
lepA	hrcA	11670470	11670467	260799.BAS4218	260799.BAS4215	0.538	0	0	0	0	0	0	0.500	0.759	Q81LR7	Q81LS0
leuS	metS	11670885	11666328	260799.BAS4637	260799.BAS0037	0.135	0	0	0.582	0.468	0.373	0	0.538	0.754	Q81KK6	Q81W03
glyQS	lysS	11671031	11666367	260799.BAS4784	260799.BAS0076	0.069	0	0	0	0.699	0	0	0.189	0.752	Q81XT3	Q81VW3
carB	groL	11669992	11666541	260799.BAS3737	260799.BAS0253	0	0	0	0	0.174	0.197	0	0.657	0.752	Q81WF2	Q81VE1
ileS1	serS	11670001	11666307	260799.BAS3746	260799.BAS0015	0.113	0	0.284	0	0.278	0	0	0.522	0.751	Q81WE4	Q81W25
pheT	infB	11670706	11669919	260799.BAS4455	260799.BAS3664	0.139	0	0	0	0.172	0	0	0.677	0.749	Q81L31	Q81WM3
glyQS	guaA	11671031	11666542	260799.BAS4784	260799.BAS0254	0.067	0	0	0	0.730	0	0	0.082	0.748	Q81XT3	Q81VE0
infC	pheT	11670722	11670706	260799.BAS4471	260799.BAS4455	0.415	0	0	0	0.200	0	0	0.504	0.747	Q81L15	Q81L31
carB	rpoB	11669992	11666392	260799.BAS3737	260799.BAS0102	0	0	0	0	0.203	0.136	0	0.663	0.747	Q81WF2	Q81VT8
ileS2	gltX	11668294	11666377	260799.BAS2027	260799.BAS0087	0.070	0	0	0	0.429	0.451	0	0.233	0.746	Q81R75	Q81VV3
glyQS	alaS	11671031	11670536	260799.BAS4784	260799.BAS4284	0.250	0	0	0	0.395	0.371	0	0.218	0.746	Q81XT3	Q81LK0
argS1	ileS1	11671456	11670001	260799.BAS5213	260799.BAS3746	0.057	0	0.162	0	0.361	0.448	0	0.227	0.745	Q81JT7	Q81WE4
pheT	der	11670706	11667687	260799.BAS4455	260799.BAS1414	0.212	0	0	0	0.093	0	0	0.670	0.743	Q81L31	Q81SW9
upp	pheT	11671407	11670706	260799.BAS5164	260799.BAS4455	0.159	0	0	0	0.172	0	0	0.659	0.741	Q81JY5	Q81L31
infC	lepA	11670722	11670470	260799.BAS4471	260799.BAS4218	0.160	0	0.372	0	0.134	0	0	0.500	0.741	Q81L15	Q81LR7
argS1	guaA	11671456	11666542	260799.BAS5213	260799.BAS0254	0.057	0	0	0	0.677	0	0	0.215	0.740	Q81JT7	Q81VE0
eno	pnp	11671228	11669913	260799.BAS4985	260799.BAS3658	0.055	0	0	0	0.064	0.461	0	0.519	0.739	Q81X78	Q81WM8
purA	pyrG	11671561	11671430	260799.BAS5320	260799.BAS5187	0.219	0	0.241	0	0.179	0	0	0.527	0.739	Q81JI9	Q81JW1
leuS	rpoC	11670885	11666393	260799.BAS4637	260799.BAS0103	0	0	0.216	0	0.375	0.064	0	0.500	0.739	Q81KK6	P77819
pheT	topB	11670706	11666645	260799.BAS4455	260799.BAS0361	0.139	0	0	0	0.099	0	0	0.685	0.734	Q81L31	Q81Z97
pyrG	infB	11671430	11669919	260799.BAS5187	260799.BAS3664	0.102	0	0	0	0.388	0	0	0.554	0.733	Q81JW1	Q81WM3
pheT	serS	11670706	11666307	260799.BAS4455	260799.BAS0015	0.048	0	0	0	0.450	0	0	0.530	0.732	Q81L31	Q81W25
pheT	efp	11670706	11670355	260799.BAS4455	260799.BAS4101	0.415	0	0	0	0.107	0	0	0.527	0.731	Q81L31	Q6KMS8
infC	efp	11670722	11670355	260799.BAS4471	260799.BAS4101	0.129	0	0.361	0	0.134	0	0	0.509	0.731	Q81L15	Q6KMS8
groL	fusA	11666541	11666397	260799.BAS0253	260799.BAS0107	0	0	0.152	0	0.135	0.207	0	0.592	0.730	Q81VE1	Q81VT3
purA	pyrD	11671561	11669990	260799.BAS5320	260799.BAS3735	0	0	0.174	0	0.130	0	0	0.653	0.729	Q81JI9	Q81WF4
alaS	lysS	11670536	11666367	260799.BAS4284	260799.BAS0076	0.100	0	0.524	0	0.298	0	0	0.203	0.728	Q81LK0	Q81VW3
groL	rpoB	11666541	11666392	260799.BAS0253	260799.BAS0102	0	0	0.159	0	0.095	0	0	0.672	0.728	Q81VE1	Q81VT8
guaA	serS	11666542	11666307	260799.BAS0254	260799.BAS0015	0.129	0	0	0	0.207	0	0	0.635	0.725	Q81VE0	Q81W25
lepA	topB	11670470	11666645	260799.BAS4218	260799.BAS0361	0.102	0	0	0	0.138	0	0	0.674	0.725	Q81LR7	Q81Z97
argS1	pyrG	11671456	11671430	260799.BAS5213	260799.BAS5187	0.129	0	0	0	0.697	0	0	0	0.724	Q81JT7	Q81JW1
trpA	guaA	11667437	11666542	260799.BAS1162	260799.BAS0254	0.132	0	0	0	0.089	0	0	0.678	0.723	Q81TL7	Q81VE0
BAS4297	metS	11670549	11666328	260799.BAS4297	260799.BAS0037	0.068	0	0	0	0.313	0.172	0	0.538	0.722	Q81LI7	Q81W03
mutL	guaA	11669874	11666542	260799.BAS3617	260799.BAS0254	0.129	0	0	0	0.063	0	0	0.685	0.720	Q81WR4	Q81VE0
cmk	guaA	11667680	11666542	260799.BAS1407	260799.BAS0254	0.415	0	0	0	0	0	0	0.538	0.718	Q81SX6	Q81VE0
ligA	guaA	11666576	11666542	260799.BAS0292	260799.BAS0254	0.140	0	0	0	0	0	0	0.685	0.717	Q81ZG1	Q81VE0
dapF	guaA	11671053	11666542	260799.BAS4806	260799.BAS0254	0.136	0	0	0	0	0	0	0.685	0.716	Q81XR2	Q81VE0
lepA	guaA	11670470	11666542	260799.BAS4218	260799.BAS0254	0	0	0	0	0.134	0	0	0.685	0.715	Q81LR7	Q81VE0
mutL	rpoB	11669874	11666392	260799.BAS3617	260799.BAS0102	0	0	0	0	0.068	0.138	0	0.673	0.714	Q81WR4	Q81VT8
glyQS	leuS	11671031	11670885	260799.BAS4784	260799.BAS4637	0.050	0	0	0	0.682	0	0	0.131	0.714	Q81XT3	Q81KK6
gatB	guaA	11666591	11666542	260799.BAS0307	260799.BAS0254	0.129	0	0	0	0	0	0	0.685	0.713	Q81ZE7	Q81VE0
clpB	guaA	11667366	11666542	260799.BAS1090	260799.BAS0254	0.107	0	0.158	0	0.269	0	0	0.534	0.709	Q81TT4	Q81VE0
menD	menE	11670998	11670995	260799.BAS4750	260799.BAS4747	0.430	0	0.459	0	0	0	0	0.129	0.708	Q81K94	Q81K97
argS1	ileS2	11671456	11668294	260799.BAS5213	260799.BAS2027	0.057	0	0	0	0.361	0.448	0	0.227	0.708	Q81JT7	Q81R75
proA	guaA	11669043	11666542	260799.BAS2781	260799.BAS0254	0.108	0	0	0	0	0	0	0.685	0.707	Q81P27	Q81VE0
rpoB	gltX	11666392	11666377	260799.BAS0102	260799.BAS0087	0.044	0	0.175	0	0.239	0.133	0	0.524	0.707	Q81VT8	Q81VV3
efp	secA2	11670355	11667118	260799.BAS4101	260799.BAS0838	0.069	0	0.630	0	0.073	0	0	0.192	0.707	Q6KMS8	Q81UI7
gcvT	guaA	11670384	11666542	260799.BAS4131	260799.BAS0254	0.057	0	0	0	0.092	0	0	0.685	0.706	Q81M06	Q81VE0
leuS	asnS	11670885	11670705	260799.BAS4637	260799.BAS4454	0.129	0	0	0	0.311	0.455	0	0.208	0.706	Q81KK6	Q81L32
infC	rpoC	11670722	11666393	260799.BAS4471	260799.BAS0103	0.045	0	0.348	0	0.121	0	0	0.524	0.704	Q81L15	P77819
eno	efp	11671228	11670355	260799.BAS4985	260799.BAS4101	0.057	0	0	0	0.672	0.119	0	0.043	0.704	Q81X78	Q6KMS8
pheT	mnmA	11670706	11670543	260799.BAS4455	260799.BAS4291	0.137	0	0	0	0.063	0	0	0.664	0.704	Q81L31	Q81JE5
gltX	serS	11666377	11666307	260799.BAS0087	260799.BAS0015	0	0	0.199	0	0.180	0.117	0	0.549	0.703	Q81VV3	Q81W25
topB	metS	11666645	11666328	260799.BAS0361	260799.BAS0037	0.069	0	0	0	0.072	0	0	0.684	0.703	Q81Z97	Q81W03
hrcA	clpB	11670467	11667366	260799.BAS4215	260799.BAS1090	0.113	0	0	0	0.375	0	0	0.508	0.703	Q81LS0	Q81TT4
ileS1	fusA	11670001	11666397	260799.BAS3746	260799.BAS0107	0.075	0	0.261	0	0.226	0	0	0.503	0.701	Q81WE4	Q81VT3
pyrG	groL	11671430	11666541	260799.BAS5187	260799.BAS0253	0.108	0	0	0	0.083	0	0	0.664	0.701	Q81JW1	Q81VE1
argF	metS	11670290	11666328	260799.BAS4036	260799.BAS0037	0.387	0	0	0	0	0	0	0.531	0.700	Q81M99	Q81W03
