#node1	node2	node1_string_internal_id	node2_string_internal_id	node1_external_id	node2_external_id	neighborhood_on_chromosome	gene_fusion	phylogenetic_cooccurrence	homology	coexpression	experimentally_determined_interaction	database_annotated	automated_textmining	combined_score
pntA	pntB	10924559	10924558	214092.YPO2303	214092.YPO2302	0.706	0.789	0.784	0	0.909	0.918	0.800	0.911	0.999
cheB	cheA	10923973	10923962	214092.YPO1679	214092.YPO1666	0.342	0	0.783	0	0.804	0.979	0.800	0.838	0.999
trpE	trpD	10924468	10924466	214092.YPO2208	214092.YPO2206	0.853	0.580	0.780	0	0.778	0	0.900	0.733	0.999
trpC	trpA	10924465	10924463	214092.YPO2205	214092.YPO2203	0.663	0.715	0.779	0	0.997	0	0.900	0.567	0.999
trpD	trpC	10924466	10924465	214092.YPO2206	214092.YPO2205	0.893	0.858	0.777	0	0.931	0	0.900	0.771	0.999
b0033	b0032	10922844	10922843	214092.YPO0482	214092.YPO0481	0.843	0.899	0.783	0	0.924	0.887	0.800	0.658	0.999
sucD	sucA	10923448	10923445	214092.YPO1116	214092.YPO1113	0.605	0	0.235	0	0.986	0.382	0	0.677	0.999
cheY	cheA	10923974	10923962	214092.YPO1680	214092.YPO1666	0.260	0.899	0.526	0	0.801	0.914	0.800	0.829	0.999
trpB	trpA	10924464	10924463	214092.YPO2204	214092.YPO2203	0.872	0.875	0.779	0	0.927	0.903	0.900	0.833	0.999
rseB	mclA	10924948	10924947	214092.YPO2713	214092.YPO2712	0.872	0.726	0.393	0	0.427	0.915	0	0.819	0.999
ribD	ribA	10925376	10924483	214092.YPO3183	214092.YPO2222	0.348	0.755	0.768	0	0.999	0.106	0.900	0.800	0.999
YPO2403	YPO2402	10924657	10924656	214092.YPO2403	214092.YPO2402	0.593	0.862	0.784	0	0.819	0.906	0.900	0.891	0.999
hisH	hisF	10923850	10923848	214092.YPO1545	214092.YPO1543	0.872	0.899	0.781	0	0.801	0.754	0.800	0.821	0.999
glgX	glgC	10926100	10926099	214092.YPO3941	214092.YPO3940	0.872	0.031	0.718	0	0.776	0	0.900	0.482	0.999
purH	purL	10925896	10925139	214092.YPO3728	214092.YPO2921	0.348	0	0.204	0	0.995	0.113	0	0.799	0.999
sucD	b0728	10923448	10923447	214092.YPO1116	214092.YPO1115	0.872	0.773	0.784	0	0.986	0.923	0.800	0.830	0.999
gcvT	gcvP	10923244	10923242	214092.YPO0907	214092.YPO0905	0.568	0.790	0.738	0	0.999	0.207	0.900	0.851	0.999
pta	nifJ	10924816	10924590	214092.YPO2567	214092.YPO2334	0.446	0	0	0	0.150	0.999	0.900	0.654	0.999
YPO1829	flaN	10924114	10924107	214092.YPO1829	214092.YPO1822	0.386	0	0.777	0	0.882	0.346	0.800	0.814	0.999
kdpD	kdpE	10924925	10924924	214092.YPO2689	214092.YPO2688	0.548	0.222	0.754	0	0.646	0.605	0.800	0.906	0.999
leuC	leuD	10922892	10922891	214092.YPO0531	214092.YPO0530	0.854	0.783	0.784	0	0.880	0.464	0.900	0.822	0.999
thrB	metL	10922821	10922493	214092.YPO0460	214092.YPO0116	0.335	0.072	0.420	0	0.933	0.117	0.900	0.823	0.999
leuB	leuD	10922893	10922891	214092.YPO0532	214092.YPO0530	0.854	0.760	0.725	0	0.878	0	0.900	0.506	0.999
trpE	trpC	10924468	10924465	214092.YPO2208	214092.YPO2205	0.869	0.226	0.781	0	0.861	0.209	0	0.756	0.999
aguA	YPO0938	10923275	10923274	214092.YPO0939	214092.YPO0938	0.872	0.775	0.781	0	0.055	0	0.900	0.876	0.999
hisD	hisH	10923853	10923850	214092.YPO1548	214092.YPO1545	0.872	0.739	0.783	0	0.806	0	0	0.462	0.999
groN	rpoC	10925915	10925914	214092.YPO3747	214092.YPO3746	0.636	0.898	0.782	0	0.918	0.920	0.800	0.829	0.999
cheW	cheA	10923963	10923962	214092.YPO1667	214092.YPO1666	0.654	0.725	0.783	0	0.986	0.974	0.800	0.834	0.999
irp1	irp5	10924190	10924187	214092.YPO1910	214092.YPO1907	0.895	0.003	0.742	0	0.940	0	0	0.858	0.999
leuB	leuC	10922893	10922892	214092.YPO0532	214092.YPO0531	0.872	0.320	0.696	0	0.882	0.382	0.900	0.827	0.999
trpC	trpB	10924465	10924464	214092.YPO2205	214092.YPO2204	0.663	0.878	0.771	0	0.983	0	0.900	0.796	0.999
dapD	b0031	10923373	10922842	214092.YPO1041	214092.YPO0480	0.168	0	0.251	0	0.884	0	0.900	0.787	0.998
hisD	hisF	10923853	10923848	214092.YPO1548	214092.YPO1543	0.872	0.628	0.783	0	0.797	0.158	0	0.462	0.998
YPO1675	cheA	10923971	10923962	214092.YPO1675	214092.YPO1666	0.162	0	0.784	0	0.770	0.763	0.800	0.260	0.998
purD	purH	10925897	10925896	214092.YPO3729	214092.YPO3728	0.725	0	0.723	0	0.878	0.173	0	0.825	0.998
gsa	hemA	10925569	10924291	214092.YPO3389	214092.YPO2016	0.164	0	0.780	0	0.057	0.535	0.900	0.799	0.998
argH	argG	10926086	10923872	214092.YPO3924	214092.YPO1570	0.260	0	0.311	0	0.866	0	0.900	0.872	0.998
cheB	cheW	10923973	10923963	214092.YPO1679	214092.YPO1667	0.260	0	0.784	0	0.788	0	0.800	0.821	0.998
mukB	kicB	10923717	10923715	214092.YPO1405	214092.YPO1403	0.872	0	0.784	0	0.058	0.882	0	0.473	0.998
glyA	gcvT	10925129	10923244	214092.YPO2907	214092.YPO0907	0.164	0.794	0	0	0.718	0.118	0.900	0.654	0.998
acn	gltA	10924482	10923440	214092.YPO2221	214092.YPO1108	0.164	0	0.456	0	0.771	0.211	0.900	0.815	0.998
YPO4062	cheA	10926207	10923962	214092.YPO4062	214092.YPO1666	0.162	0	0.782	0	0.770	0.763	0.800	0.260	0.998
cheY	cheB	10923974	10923973	214092.YPO1680	214092.YPO1679	0.663	0.759	0.587	0	0.782	0	0	0.771	0.998
YPO2348	y1985	10924604	10924603	214092.YPO2348	214092.YPO2347	0.872	0.757	0.782	0	0.437	0	0	0.475	0.997
azi	prlA	10922924	10922599	214092.YPO0564	214092.YPO0229	0.162	0	0.669	0	0.099	0.754	0.800	0.829	0.997
ilvD	ilvC	10926061	10926052	214092.YPO3897	214092.YPO3888	0.260	0	0.324	0	0.749	0.383	0.900	0.711	0.997
gapA	pgk	10924421	10923258	214092.YPO2157	214092.YPO0921	0.138	0.032	0.288	0	0.795	0.354	0.900	0.749	0.997
trpD	trpA	10924466	10924463	214092.YPO2206	214092.YPO2203	0.613	0.754	0.779	0	0.773	0	0	0.491	0.997
gidA	thdF	10926269	10926242	214092.YPO4130	214092.YPO4103	0.260	0.002	0.777	0	0.924	0.182	0	0.829	0.997
YPO2663	YPO2662	10924900	10924899	214092.YPO2663	214092.YPO2662	0.865	0.055	0.769	0	0.374	0.106	0.800	0.061	0.996
thiE	thiC	10925908	10925907	214092.YPO3740	214092.YPO3739	0.850	0.102	0.590	0	0.770	0	0	0.757	0.996
yecC	yecS	10924131	10924130	214092.YPO1848	214092.YPO1847	0.859	0.057	0.774	0	0.148	0.325	0.800	0.249	0.996
ddl	murC	10922917	10922916	214092.YPO0557	214092.YPO0556	0.872	0.890	0.290	0	0.461	0.106	0	0.464	0.996
purD	purL	10925897	10925139	214092.YPO3729	214092.YPO2921	0.339	0.009	0.482	0	0.933	0.383	0	0.771	0.996
pyrF	pyrE	10924488	10922430	214092.YPO2227	214092.YPO0045	0.164	0	0	0	0.924	0	0.900	0.504	0.996
cheY	cheW	10923974	10923963	214092.YPO1680	214092.YPO1667	0.260	0.122	0.588	0	0.662	0.106	0.800	0.766	0.995
flgI	flgH	10923080	10923079	214092.YPO0730	214092.YPO0729	0.649	0	0.784	0	0.788	0.337	0	0.632	0.995
sucD	sdhA	10923448	10923443	214092.YPO1116	214092.YPO1111	0.313	0	0.365	0	0.711	0.194	0.900	0.649	0.995
aceE	lpd	10925599	10925597	214092.YPO3419	214092.YPO3417	0.539	0	0.340	0	0.531	0.158	0.900	0.662	0.995
ubiD	b4040	10925936	10922681	214092.YPO3769	214092.YPO0311	0.164	0	0.407	0	0.055	0.106	0.900	0.916	0.995
trpD	trpB	10924466	10924464	214092.YPO2206	214092.YPO2204	0.613	0.351	0.781	0	0.771	0	0	0.677	0.995
macB2	YPO2999	10925212	10925211	214092.YPO3000	214092.YPO2999	0.859	0	0.784	0	0.770	0.382	0	0.192	0.995
hmuS	hmuT	10922653	10922652	214092.YPO0282	214092.YPO0281	0.872	0	0.761	0	0.460	0	0	0.747	0.995
yscL	ylpB	10922354	10922352	214092.5832481	214092.5832479	0.872	0	0.776	0	0.654	0	0	0.636	0.995
ptsI	YPO1298	10925206	10923612	214092.YPO2994	214092.YPO1298	0.168	0.893	0.488	0	0.146	0.383	0.800	0.263	0.995
hmsS	hmsF	10924232	10924230	214092.YPO1954	214092.YPO1952	0.860	0	0.767	0	0	0	0	0.840	0.994
metE	metK	10925953	10923267	214092.YPO3788	214092.YPO0931	0.164	0	0	0	0.800	0.169	0.900	0.679	0.994
lsrA	lsrB	10922778	10922775	214092.YPO0412	214092.YPO0409	0.671	0	0.464	0	0.444	0.106	0.800	0.727	0.994
YPO0286	YPO0285	10922657	10922656	214092.YPO0286	214092.YPO0285	0.872	0.848	0.733	0	0	0	0	0.063	0.994
b0728	sucA	10923447	10923445	214092.YPO1115	214092.YPO1113	0.605	0	0.288	0	0.932	0.212	0	0.680	0.994
irp2	irp5	10924191	10924187	214092.YPO1911	214092.YPO1907	0.726	0.014	0.775	0.584	0.948	0.156	0	0.835	0.994
iucD	iucC	10923327	10923326	214092.YPO0993	214092.YPO0992	0.857	0	0.783	0	0.461	0	0	0.691	0.994
YPO2153	y2169	10924418	10924417	214092.YPO2153	214092.YPO2152	0.618	0	0.784	0	0.927	0	0	0.212	0.994
YPO2765	metL	10925000	10922493	214092.YPO2765	214092.YPO0116	0.172	0	0.291	0	0.607	0.174	0.900	0.736	0.993
yegO	yegM	10925075	10925073	214092.YPO2849	214092.YPO2847	0.851	0.159	0.766	0	0.150	0.286	0	0.694	0.993
y0371	rffT	10926023	10926022	214092.YPO3857	214092.YPO3856	0.872	0.773	0.782	0	0	0	0	0	0.993
argG	b0033	10923872	10922844	214092.YPO1570	214092.YPO0482	0.164	0.604	0	0	0.796	0.393	0.800	0.321	0.993
uvrC	uvrB	10924149	10923484	214092.YPO1866	214092.YPO1156	0.164	0.162	0.776	0	0.176	0.625	0.360	0.829	0.993
yegN	yegM	10925074	10925073	214092.YPO2848	214092.YPO2847	0.851	0.143	0.768	0	0.150	0.286	0	0.693	0.993
b0728	sdhA	10923447	10923443	214092.YPO1115	214092.YPO1111	0.313	0	0.332	0	0.580	0.158	0.900	0.649	0.992
fadB	yafH	10925933	10925434	214092.YPO3766	214092.YPO3244	0.169	0	0.549	0	0.592	0.209	0.900	0.465	0.992
uxuA	YPO1280	10923598	10923597	214092.YPO1283	214092.YPO1280	0.139	0.656	0.572	0	0.354	0	0.900	0.251	0.992
glyA	gcvP	10925129	10923242	214092.YPO2907	214092.YPO0905	0.348	0.135	0	0	0.735	0	0.900	0.567	0.992
purH	glyA	10925896	10925129	214092.YPO3728	214092.YPO2907	0.123	0	0	0	0.844	0.160	0.900	0.462	0.992
rlpB	b0054	10924853	10922857	214092.YPO2609	214092.YPO0495	0.046	0	0.629	0	0	0.891	0	0.821	0.992
YPO1802	YPO1800	10924086	10924084	214092.YPO1802	214092.YPO1800	0.501	0	0.779	0	0.813	0	0	0.625	0.991
fumA	sdhA	10925519	10923443	214092.YPO3335	214092.YPO1111	0.339	0	0	0	0.554	0	0.900	0.753	0.991
y2087	y2086	10924506	10924505	214092.YPO2246	214092.YPO2245	0.872	0.285	0.729	0	0.454	0	0	0.482	0.991
aas	ygeD	10923137	10923136	214092.YPO0793	214092.YPO0792	0.865	0.868	0.388	0	0.056	0	0	0.261	0.991
tolB	tolR	10923456	10923454	214092.YPO1124	214092.YPO1122	0.516	0.784	0.548	0	0.063	0.106	0	0.830	0.991
YPO3326	araB	10925510	10924510	214092.YPO3326	214092.YPO2254	0.130	0	0.693	0	0.153	0	0.900	0.691	0.991
YPO1486	YPO1485	10923791	10923790	214092.YPO1486	214092.YPO1485	0.859	0.714	0.784	0	0.151	0	0	0.062	0.991
purL	purT	10925139	10924061	214092.YPO2921	214092.YPO1775	0.341	0	0.151	0	0.627	0.207	0.900	0.559	0.991
glmU	glmS	10926258	10926257	214092.YPO4119	214092.YPO4118	0.585	0.260	0.484	0	0.592	0.372	0	0.817	0.990
hemB	gsa	10925938	10925569	214092.YPO3771	214092.YPO3389	0.260	0	0.747	0	0.151	0	0.900	0.482	0.990
gpm	pgk	10923464	10923258	214092.YPO1133	214092.YPO0921	0	0	0	0	0.812	0.176	0.900	0.486	0.990
npr	ptsP	10925760	10923129	214092.YPO3587	214092.YPO0785	0	0	0.537	0	0.050	0.834	0.800	0.474	0.990
argE	argG	10926089	10923872	214092.YPO3928	214092.YPO1570	0.260	0	0	0	0.648	0.106	0.900	0.626	0.989
YPO1675	cheW	10923971	10923963	214092.YPO1675	214092.YPO1667	0.123	0	0.782	0	0.555	0.407	0.800	0.117	0.989
y2169	YPO2145	10924417	10924411	214092.YPO2152	214092.YPO2145	0.260	0	0.785	0	0.877	0.373	0	0.247	0.989
YPO1280	uxaC	10923597	10922940	214092.YPO1280	214092.YPO0579	0.139	0.659	0.448	0	0.228	0	0.900	0.249	0.988
irp2	irp1	10924191	10924190	214092.YPO1911	214092.YPO1910	0.773	0	0.784	0.586	0.859	0.208	0	0.942	0.988
YPO4062	cheW	10926207	10923963	214092.YPO4062	214092.YPO1667	0.123	0	0.780	0	0.555	0.407	0.800	0.117	0.988
pdxB	serC	10924998	10923701	214092.YPO2763	214092.YPO1389	0.129	0	0	0	0.750	0.156	0.900	0.480	0.988
sgbU	YPO3326	10925517	10925510	214092.YPO3333	214092.YPO3326	0.139	0.412	0.702	0	0.110	0	0.900	0.258	0.987
flgH2	YPO1804	10924089	10924088	214092.YPO1805	214092.YPO1804	0.560	0.127	0.728	0	0.789	0	0	0.521	0.987
uxuA	uxaC	10923598	10922940	214092.YPO1283	214092.YPO0579	0.260	0.755	0.766	0	0.503	0	0	0.476	0.986
yscL	yscK	10922354	10922353	214092.5832481	214092.5832480	0.872	0	0	0	0.654	0	0	0.725	0.986
b4383	deoC2	10922802	10922801	214092.YPO0439	214092.YPO0436	0.260	0.070	0.642	0	0.169	0	0.900	0.477	0.986
irp2	fyuA	10924191	10924186	214092.YPO1911	214092.YPO1906	0.420	0	0.767	0	0.454	0	0	0.830	0.985
flaV	flaS	10924124	10924092	214092.YPO1841	214092.YPO1808	0.139	0	0.774	0	0.758	0	0	0.725	0.985
flaN	YPO1804	10924107	10924088	214092.YPO1822	214092.YPO1804	0.130	0	0.731	0	0.770	0.357	0	0.654	0.985
dapF	lysA	10926011	10923140	214092.YPO3845	214092.YPO0796	0.260	0	0.174	0	0.166	0	0.900	0.756	0.985
groN	prlA	10925915	10922599	214092.YPO3747	214092.YPO0229	0.169	0	0.735	0	0.816	0.106	0	0.657	0.985
flgH2	flgI	10924089	10923080	214092.YPO1805	214092.YPO0730	0.130	0.048	0.718	0	0.788	0.337	0	0.632	0.985
zipA	ftsZ	10925202	10922920	214092.YPO2990	214092.YPO0560	0.058	0	0	0	0	0.920	0	0.828	0.985
ilvG	ilvC	10926064	10926052	214092.YPO3901	214092.YPO3888	0.131	0	0.485	0	0.467	0	0.900	0.494	0.985
flaN	YPO1800	10924107	10924084	214092.YPO1822	214092.YPO1800	0.130	0	0.776	0	0.699	0.158	0	0.726	0.984
trpE	trpB	10924468	10924464	214092.YPO2208	214092.YPO2204	0.550	0	0.770	0	0.564	0	0	0.689	0.984
ilvG	leuB	10926064	10922893	214092.YPO3901	214092.YPO0532	0.130	0.091	0.751	0	0.085	0.158	0.900	0.180	0.984
flaF	flaV	10924125	10924124	214092.YPO1842	214092.YPO1841	0.453	0	0.740	0	0.633	0.235	0	0.674	0.984
irp1	fyuA	10924190	10924186	214092.YPO1910	214092.YPO1906	0.576	0	0.771	0	0.494	0	0	0.727	0.984
aguA	speA	10923275	10923266	214092.YPO0939	214092.YPO0929	0.260	0	0.272	0	0	0	0.900	0.752	0.984
YPO1804	YPO1800	10924088	10924084	214092.YPO1804	214092.YPO1800	0.473	0	0.778	0	0.805	0.158	0	0.310	0.984
YPO0501	YPO0500	10922863	10922862	214092.YPO0501	214092.YPO0500	0.850	0.241	0.784	0	0.086	0.382	0	0.061	0.984
fhuC	YPO1535	10925572	10923840	214092.YPO3392	214092.YPO1535	0.130	0.030	0.719	0	0.585	0.325	0.800	0.069	0.984
YPO2153	YPO2145	10924418	10924411	214092.YPO2153	214092.YPO2145	0.260	0	0.785	0	0.879	0	0	0.256	0.983
thiE	thiL	10925908	10925373	214092.YPO3740	214092.YPO3180	0.164	0	0.154	0	0.063	0	0.900	0.785	0.983
dppA	dppB	10926159	10926158	214092.YPO4003	214092.YPO4002	0.481	0.166	0.780	0	0.081	0.106	0.800	0.182	0.983
pelY	ogl	10926152	10924005	214092.YPO3994	214092.YPO1713	0	0	0.680	0	0	0	0.900	0.528	0.983
YPO0501	YPO0499	10922863	10922861	214092.YPO0501	214092.YPO0499	0.831	0	0.559	0	0.055	0	0	0.796	0.983
ubiF	pufX	10924865	10923538	214092.YPO2621	214092.YPO1215	0.057	0	0.756	0	0.059	0.177	0.900	0.216	0.982
nagE	nagA	10924872	10924870	214092.YPO2628	214092.YPO2626	0.500	0	0.345	0	0.053	0	0.900	0.519	0.982
phnP	phnL	10925642	10925639	214092.YPO3465	214092.YPO3462	0.872	0	0.682	0	0.270	0	0	0.472	0.982
groN	far	10925915	10922573	214092.YPO3747	214092.YPO0202	0.260	0	0.349	0	0.814	0	0	0.829	0.982
treB	nagE	10925867	10924872	214092.YPO3697	214092.YPO2628	0.349	0.024	0.330	0	0.151	0.909	0	0.555	0.982
serC	YPO1288	10923701	10923603	214092.YPO1389	214092.YPO1288	0.129	0	0	0	0.750	0.156	0.900	0.184	0.982
dapX	yfgL	10925269	10925099	214092.YPO3061	214092.YPO2876	0	0	0.353	0	0.063	0.850	0	0.815	0.981
ureG	ureC	10924907	10924904	214092.YPO2670	214092.YPO2667	0.441	0	0.784	0	0.252	0	0	0.822	0.981
YPO3257	YPO3255	10925445	10925443	214092.YPO3257	214092.YPO3255	0.862	0.405	0.781	0	0.084	0	0	0.043	0.981
YPO3255	YPO3254	10925443	10925442	214092.YPO3255	214092.YPO3254	0.872	0.055	0.773	0	0.148	0.325	0	0.045	0.981
yscL	yscQ	10922354	10922336	214092.5832481	214092.5832463	0.058	0	0.781	0	0.469	0.208	0	0.818	0.981
arnA	arnT	10924672	10924670	214092.YPO2420	214092.YPO2418	0.881	0	0.782	0	0.265	0	0	0.084	0.980
b3792	rffT	10926024	10926022	214092.YPO3858	214092.YPO3856	0.825	0	0.779	0	0.072	0.106	0	0.474	0.980
ilvG	ilvD	10926064	10926061	214092.YPO3901	214092.YPO3897	0.444	0.267	0.735	0	0.346	0.331	0	0.664	0.980
yidC	prlA	10926241	10922599	214092.YPO4102	214092.YPO0229	0	0	0.241	0	0.179	0.518	0.800	0.727	0.980
trpE	trpA	10924468	10924463	214092.YPO2208	214092.YPO2203	0.550	0	0.773	0	0.586	0.255	0	0.463	0.980
cheB	YPO1675	10923973	10923971	214092.YPO1679	214092.YPO1675	0.124	0	0.783	0	0.159	0.341	0.800	0.193	0.979
flaS	YPO1802	10924092	10924086	214092.YPO1808	214092.YPO1802	0.130	0.242	0.771	0	0.674	0	0	0.654	0.979
flgH2	YPO1802	10924089	10924086	214092.YPO1805	214092.YPO1802	0.528	0.089	0.685	0	0.696	0	0	0.568	0.979
uxuA	uxaA	10923598	10922942	214092.YPO1283	214092.YPO0581	0.164	0	0.571	0	0.053	0	0.900	0.479	0.979
pps	nifJ	10924663	10924590	214092.YPO2409	214092.YPO2334	0.462	0	0	0	0	0	0.900	0.654	0.979
relA	YPO3378	10925560	10925558	214092.YPO3380	214092.YPO3378	0.754	0.062	0.198	0	0	0	0.900	0.050	0.979
yidC	azi	10926241	10922924	214092.YPO4102	214092.YPO0564	0	0	0.440	0	0.086	0	0.800	0.820	0.979
YPO4062	cheB	10926207	10923973	214092.YPO4062	214092.YPO1679	0.124	0	0.780	0	0.159	0.341	0.800	0.193	0.978
epd	pgk	10923259	10923258	214092.YPO0922	214092.YPO0921	0.614	0.112	0.270	0	0.795	0.354	0	0.463	0.978
asnB	argG	10924867	10923872	214092.YPO2623	214092.YPO1570	0	0	0	0	0.732	0.157	0.900	0.179	0.978
YPO3325	YPO2966	10925509	10925178	214092.YPO3325	214092.YPO2966	0.116	0.065	0.773	0	0.206	0.383	0.800	0.084	0.978
yscK	ylpB	10922353	10922352	214092.5832480	214092.5832479	0.872	0	0	0	0.654	0	0	0.556	0.978
irp7	irp1	10924194	10924190	214092.YPO1914	214092.YPO1910	0.491	0	0.746	0	0.114	0.156	0	0.816	0.978
YPO2116	YPO2108	10924383	10924375	214092.YPO2116	214092.YPO2108	0.465	0	0.774	0	0	0	0	0.840	0.978
purD	purT	10925897	10924061	214092.YPO3729	214092.YPO1775	0.130	0	0.185	0	0.265	0.155	0.900	0.589	0.977
YPO1802	flgC	10924086	10923074	214092.YPO1802	214092.YPO0723	0.130	0	0.683	0	0.813	0	0	0.617	0.977
acs	actP	10922622	10922620	214092.YPO0253	214092.YPO0251	0.735	0	0	0	0.776	0	0	0.655	0.977
flaS	flgH2	10924092	10924089	214092.YPO1808	214092.YPO1805	0.130	0.245	0.746	0	0.649	0.167	0	0.621	0.977
deoC1	b4383	10923637	10922802	214092.YPO1323	214092.YPO0439	0.130	0.598	0.237	0	0.165	0	0.900	0.193	0.977
macB2	macA	10925212	10923676	214092.YPO3000	214092.YPO1364	0.130	0	0.778	0	0.770	0.382	0	0.319	0.977
purH	purT	10925896	10924061	214092.YPO3728	214092.YPO1775	0.058	0	0	0	0.672	0.113	0.900	0.302	0.977
parC	nfxD	10923028	10923025	214092.YPO0671	214092.YPO0668	0.260	0.209	0.784	0	0.343	0.535	0	0.507	0.976
flaN	YPO1802	10924107	10924086	214092.YPO1822	214092.YPO1802	0.130	0	0.737	0	0.621	0	0	0.749	0.975
yscU	yscQ	10922340	10922336	214092.5832467	214092.5832463	0.853	0	0.553	0	0.167	0	0	0.605	0.975
groN	infB	10925915	10925673	214092.YPO3747	214092.YPO3496	0.117	0	0.448	0	0.725	0.109	0	0.829	0.975
flaN	YPO1790	10924107	10924076	214092.YPO1822	214092.YPO1790	0.139	0	0.776	0	0.557	0	0	0.750	0.975
flaN	flgC	10924107	10923074	214092.YPO1822	214092.YPO0723	0.130	0	0.672	0	0.699	0.158	0	0.706	0.974
murC	ftsI	10922916	10922909	214092.YPO0556	214092.YPO0549	0.626	0.730	0.523	0	0.056	0.113	0	0.479	0.974
pps	pck	10924663	10922513	214092.YPO2409	214092.YPO0138	0.129	0	0	0	0.056	0	0.900	0.728	0.974
nifJ	acs	10924590	10922622	214092.YPO2334	214092.YPO0253	0.338	0	0	0	0.057	0	0.900	0.637	0.974
yscU	lcrD	10922340	10922327	214092.5832467	214092.5832454	0.568	0.004	0.784	0	0.422	0	0	0.569	0.973
flaV	YPO1802	10924124	10924086	214092.YPO1841	214092.YPO1802	0.131	0	0.719	0	0.643	0	0	0.733	0.973
YPO1804	flgI	10924088	10923080	214092.YPO1804	214092.YPO0730	0.130	0.054	0.739	0	0.788	0.325	0	0.311	0.973
YPO1829	YPO1800	10924114	10924084	214092.YPO1829	214092.YPO1800	0.116	0	0.783	0	0.669	0	0	0.629	0.973
pykF	pck	10924648	10922513	214092.YPO2393	214092.YPO0138	0.053	0	0.189	0	0.072	0	0.900	0.671	0.972
groN	pnp	10925915	10925667	214092.YPO3747	214092.YPO3490	0.059	0	0.221	0	0.341	0	0.900	0.521	0.972
glgX	malQ	10926100	10922501	214092.YPO3941	214092.YPO0126	0.260	0.749	0.735	0	0.052	0	0	0.498	0.972
lpd	sucA	10925597	10923445	214092.YPO3417	214092.YPO1113	0.260	0	0.158	0	0.151	0.382	0.900	0.307	0.972
nifJ	gltA	10924590	10923440	214092.YPO2334	214092.YPO1108	0	0	0	0	0.344	0	0.900	0.615	0.972
pps	maeA	10924663	10923816	214092.YPO2409	214092.YPO1511	0.045	0	0	0	0.058	0.106	0.900	0.698	0.971
YPO1804	flgH	10924088	10923079	214092.YPO1804	214092.YPO0729	0.130	0.278	0.626	0	0.789	0	0	0.521	0.971
YPO1829	YPO1802	10924114	10924086	214092.YPO1829	214092.YPO1802	0.116	0	0.779	0	0.626	0	0	0.650	0.971
flaN	cheY	10924107	10923974	214092.YPO1822	214092.YPO1680	0.260	0	0.249	0	0.321	0.377	0.800	0.491	0.970
pelY	YPO0424	10926152	10922789	214092.YPO3994	214092.YPO0424	0.130	0	0.690	0	0	0	0.900	0	0.970
prlA	far	10922599	10922573	214092.YPO0229	214092.YPO0202	0.260	0	0.207	0	0.884	0.106	0	0.590	0.970
glxK	YPO3979	10926138	10926137	214092.YPO3980	214092.YPO3979	0.862	0.465	0.332	0	0	0	0	0.465	0.970
uxaA	uxaC	10922942	10922940	214092.YPO0581	214092.YPO0579	0.560	0	0.756	0	0.059	0	0	0.729	0.969
YPO2782	YPO2569	10925017	10924818	214092.YPO2782	214092.YPO2569	0.214	0	0.784	0	0.086	0	0.800	0.182	0.969
pyrF	b0033	10924488	10922844	214092.YPO2227	214092.YPO0482	0.164	0	0.186	0	0.924	0	0	0.483	0.969
YPO1804	flgC	10924088	10923074	214092.YPO1804	214092.YPO0723	0.130	0	0.738	0	0.805	0.158	0	0.308	0.969
flaS	YPO1800	10924092	10924084	214092.YPO1808	214092.YPO1800	0.130	0	0.747	0	0.632	0	0	0.656	0.968
leuS	rlpB	10924854	10924853	214092.YPO2610	214092.YPO2609	0.854	0.688	0	0	0.221	0	0	0.221	0.968
fumA	gltA	10925519	10923440	214092.YPO3335	214092.YPO1108	0.168	0	0	0	0.168	0	0.800	0.799	0.968
YPO3257	YPO3254	10925445	10925442	214092.YPO3257	214092.YPO3254	0.862	0.004	0.690	0	0.277	0.108	0	0.045	0.968
glyA	b4388	10925129	10922805	214092.YPO2907	214092.YPO0442	0.079	0	0	0	0.061	0.115	0.900	0.654	0.968
flaS	YPO1804	10924092	10924088	214092.YPO1808	214092.YPO1804	0.130	0.274	0.735	0	0.771	0	0	0.308	0.968
prfB	asuD	10923226	10923225	214092.YPO0889	214092.YPO0888	0.872	0.396	0	0	0.246	0.106	0	0.474	0.967
flgH	flgC	10923079	10923074	214092.YPO0729	214092.YPO0723	0.130	0	0.732	0	0.674	0	0	0.627	0.967
YPO1804	YPO1802	10924088	10924086	214092.YPO1804	214092.YPO1802	0.798	0	0.778	0.672	0.772	0	0	0.302	0.967
pta	acs	10924816	10922622	214092.YPO2567	214092.YPO0253	0.156	0	0	0	0.236	0	0.900	0.543	0.966
YPO0502	YPO0499	10922864	10922861	214092.YPO0502	214092.YPO0499	0.490	0	0.765	0	0	0	0	0.745	0.966
YPO1248	YPO1246	10923566	10923564	214092.YPO1248	214092.YPO1246	0.830	0.157	0.784	0	0	0	0	0	0.966
serC	b4388	10923701	10922805	214092.YPO1389	214092.YPO0442	0.164	0	0	0	0.302	0	0.900	0.489	0.966
trpC	hisF	10924465	10923848	214092.YPO2205	214092.YPO1543	0.347	0	0.207	0	0.870	0	0	0.567	0.966
YPO3907	YPO3906	10926070	10926069	214092.YPO3907	214092.YPO3906	0.844	0.008	0.777	0	0.112	0	0	0	0.966
pufX	b4040	10923538	10922681	214092.YPO1215	214092.YPO0311	0.076	0	0.754	0	0.168	0.108	0	0.830	0.966
relA	ppx	10925560	10925063	214092.YPO3380	214092.YPO2837	0.093	0	0	0	0.058	0	0.900	0.653	0.966
b0054	b0053	10922857	10922856	214092.YPO0495	214092.YPO0494	0.715	0	0.513	0	0.160	0	0	0.748	0.966
rpoC	prlA	10925914	10922599	214092.YPO3746	214092.YPO0229	0.201	0	0.663	0	0.772	0.106	0	0.465	0.965
aceE	pps	10925599	10924663	214092.YPO3419	214092.YPO2409	0	0	0	0	0.103	0	0.900	0.643	0.965
fadB	acs	10925933	10922622	214092.YPO3766	214092.YPO0253	0.129	0.002	0.226	0	0.551	0.106	0.800	0.480	0.965
rpoC	pnp	10925914	10925667	214092.YPO3746	214092.YPO3490	0.059	0	0.206	0	0.168	0	0.900	0.530	0.965
YPO3600	YPO3595	10925773	10925768	214092.YPO3600	214092.YPO3595	0.853	0	0.772	0	0	0	0	0	0.965
YPO3919	YPO2252	10926082	10924508	214092.YPO3919	214092.YPO2252	0.260	0.013	0.329	0	0.878	0	0	0.495	0.965
b3792	y0371	10926024	10926023	214092.YPO3858	214092.YPO3857	0.825	0.247	0.755	0	0	0	0	0	0.965
lpd	glyA	10925597	10925129	214092.YPO3417	214092.YPO2907	0.069	0	0.192	0	0.063	0	0.900	0.571	0.964
grpE	crpA	10923439	10922718	214092.YPO1107	214092.YPO0351	0.164	0	0.394	0	0.853	0.115	0	0.542	0.964
flaV	YPO1829	10924124	10924114	214092.YPO1841	214092.YPO1829	0.131	0	0.753	0	0.606	0	0	0.631	0.964
fumA	maeA	10925519	10923816	214092.YPO3335	214092.YPO1511	0.339	0.002	0	0	0.058	0	0.900	0.502	0.964
YPO1829	YPO1804	10924114	10924088	214092.YPO1829	214092.YPO1804	0.116	0	0.771	0	0.664	0.361	0	0.304	0.964
lacZ	bgaB	10923953	10923192	214092.YPO1654	214092.YPO0852	0.164	0	0.296	0	0.056	0	0.900	0.462	0.964
ahpC	trxB	10925387	10923686	214092.YPO3194	214092.YPO1374	0.169	0	0	0	0.785	0.450	0	0.670	0.963
cutA	cycZ	10922713	10922712	214092.YPO0346	214092.YPO0345	0.872	0.511	0.153	0	0.210	0	0	0.261	0.963
YPO3979	YPO3978	10926137	10926136	214092.YPO3979	214092.YPO3978	0.543	0.755	0.703	0	0	0	0	0	0.963
nifJ	b0728	10924590	10923447	214092.YPO2334	214092.YPO1115	0.353	0	0	0	0.342	0	0.800	0.615	0.962
pykF	nifJ	10924648	10924590	214092.YPO2393	214092.YPO2334	0.131	0	0	0	0	0	0.900	0.592	0.961
irp5	fyuA	10924187	10924186	214092.YPO1907	214092.YPO1906	0.534	0	0.641	0	0.370	0	0	0.679	0.961
ddl	alr	10922917	10922690	214092.YPO0557	214092.YPO0321	0.150	0.030	0.248	0	0	0	0.900	0.474	0.961
groN	trmD	10925915	10925477	214092.YPO3747	214092.YPO3293	0.052	0	0.677	0	0.792	0	0	0.462	0.961
nifJ	pykA	10924590	10924335	214092.YPO2334	214092.YPO2064	0.131	0	0	0	0	0	0.900	0.592	0.961
YPO3472	YPO3471	10925649	10925648	214092.YPO3472	214092.YPO3471	0.845	0	0.734	0	0.062	0.106	0	0.044	0.961
lexB	b4043	10925491	10922684	214092.YPO3307	214092.YPO0314	0.130	0	0	0	0.424	0.599	0	0.832	0.961
flgH2	YPO1800	10924089	10924084	214092.YPO1805	214092.YPO1800	0.354	0	0.549	0	0.674	0	0	0.631	0.960
flaN	flgH2	10924107	10924089	214092.YPO1822	214092.YPO1805	0.130	0	0.302	0	0.769	0	0	0.749	0.960
YPO1829	flgC	10924114	10923074	214092.YPO1829	214092.YPO0723	0.116	0	0.691	0	0.669	0	0	0.619	0.960
YPO1829	flgH2	10924114	10924089	214092.YPO1829	214092.YPO1805	0.116	0	0.655	0	0.677	0.159	0	0.588	0.959
ychF	far	10924285	10922573	214092.YPO2010	214092.YPO0202	0.063	0	0.709	0	0.248	0.112	0	0.813	0.959
mtlA	YPO1298	10926213	10923612	214092.YPO4068	214092.YPO1298	0.347	0	0.499	0.665	0	0.913	0	0.546	0.959
yscU	yscO	10922340	10922334	214092.5832467	214092.5832461	0.847	0	0	0	0.448	0	0	0.559	0.959
fdoH	YPO3325	10926204	10925509	214092.YPO4057	214092.YPO3325	0.061	0.004	0.203	0	0.206	0.383	0.900	0.081	0.958
YPO1829	YPO1790	10924114	10924076	214092.YPO1829	214092.YPO1790	0.130	0	0.756	0	0.463	0.167	0	0.631	0.958
aceE	nifJ	10925599	10924590	214092.YPO3419	214092.YPO2334	0	0	0	0	0	0	0.900	0.604	0.958
clpB3	YPO0970	10923308	10923307	214092.YPO0971	214092.YPO0970	0.859	0	0.704	0	0.056	0	0	0.059	0.958
flgI	flgC	10923080	10923074	214092.YPO0730	214092.YPO0723	0.130	0	0.704	0	0.583	0	0	0.649	0.957
rpoC	pykA	10925914	10924335	214092.YPO3746	214092.YPO2064	0.130	0	0	0	0.068	0	0.900	0.541	0.957
nifJ	maeA	10924590	10923816	214092.YPO2334	214092.YPO1511	0.044	0	0	0	0	0	0.900	0.584	0.956
gyrA	nfxD	10923539	10923025	214092.YPO1216	214092.YPO0668	0.116	0.045	0.722	0	0.239	0.462	0	0.634	0.956
nifJ	sucD	10924590	10923448	214092.YPO2334	214092.YPO1116	0.352	0	0	0	0.219	0	0.800	0.618	0.956
groN	pykA	10925915	10924335	214092.YPO3747	214092.YPO2064	0.130	0	0	0	0.082	0	0.900	0.515	0.956
irp7	irp2	10924194	10924191	214092.YPO1914	214092.YPO1911	0.399	0	0.755	0	0.090	0.108	0	0.690	0.956
lpd	gcvP	10925597	10923242	214092.YPO3417	214092.YPO0905	0.233	0	0	0	0.062	0	0.900	0.465	0.956
purL	trpC	10925139	10924465	214092.YPO2921	214092.YPO2205	0.168	0	0	0	0.875	0	0	0.603	0.955
yrbF	yrbC	10925750	10925747	214092.YPO3575	214092.YPO3572	0.572	0.027	0.358	0	0.065	0	0.800	0.262	0.955
hmuR	hmuS	10922654	10922653	214092.YPO0283	214092.YPO0282	0.646	0	0.411	0	0.247	0	0	0.747	0.955
flaV	YPO1800	10924124	10924084	214092.YPO1841	214092.YPO1800	0.131	0	0.623	0	0.655	0	0	0.656	0.955
clpB2	YPO3595	10925772	10925768	214092.YPO3599	214092.YPO3595	0.845	0	0.709	0	0.060	0	0	0.043	0.954
cysJ	cysK	10925552	10925204	214092.YPO3372	214092.YPO2992	0.104	0	0	0	0.334	0.108	0.900	0.262	0.953
speC	YPO0938	10923295	10923274	214092.YPO0960	214092.YPO0938	0.084	0	0	0	0.058	0	0.900	0.526	0.953
lcrD	lcrR	10922327	10922326	214092.5832454	214092.5832453	0.859	0	0	0	0.063	0	0	0.669	0.952
YPO1535	hmuT	10923840	10922652	214092.YPO1535	214092.YPO0281	0.093	0.096	0.566	0	0.059	0.373	0.800	0.115	0.952
glmS	b0033	10926257	10922844	214092.YPO4118	214092.YPO0482	0.164	0	0.257	0	0.086	0.172	0.900	0.179	0.952
flaN	flgH	10924107	10923079	214092.YPO1822	214092.YPO0729	0.130	0	0.164	0	0.769	0	0	0.749	0.952
ilvG	nifJ	10926064	10924590	214092.YPO3901	214092.YPO2334	0.160	0	0	0	0.069	0	0.900	0.462	0.952
nifJ	poxB	10924590	10923670	214092.YPO2334	214092.YPO1358	0.160	0	0	0	0.069	0	0.900	0.462	0.952
YPO0848	malQ	10923188	10922501	214092.YPO0848	214092.YPO0126	0.152	0	0	0	0.078	0	0.900	0.465	0.952
cheY	YPO1675	10923974	10923971	214092.YPO1680	214092.YPO1675	0.093	0	0.511	0	0.163	0.362	0.800	0.181	0.952
glyA	sdaA	10925129	10924057	214092.YPO2907	214092.YPO1771	0.164	0	0	0	0.062	0	0.900	0.466	0.952
YPO1829	flaS	10924114	10924092	214092.YPO1829	214092.YPO1808	0.116	0	0.775	0	0.464	0	0	0.606	0.952
flaV	YPO1804	10924124	10924088	214092.YPO1841	214092.YPO1804	0.134	0	0.515	0	0.672	0	0	0.689	0.951
yscU	yscP	10922340	10922335	214092.5832467	214092.5832462	0.854	0	0	0	0.060	0	0	0.676	0.951
nifJ	dld	10924590	10923504	214092.YPO2334	214092.YPO1177	0.130	0	0	0	0	0	0.900	0.483	0.951
b3904	rhaM	10922699	10922695	214092.YPO0330	214092.YPO0326	0.667	0	0.753	0	0	0	0	0.455	0.951
glu	pps	10926090	10924663	214092.YPO3929	214092.YPO2409	0	0	0	0	0	0	0.900	0.530	0.950
glmS	b0032	10926257	10922843	214092.YPO4118	214092.YPO0481	0.164	0	0.276	0	0.056	0	0.900	0.262	0.950
glu	gltA	10926090	10923440	214092.YPO3929	214092.YPO1108	0	0	0	0	0.086	0	0.900	0.492	0.949
hmuR	hmuT	10922654	10922652	214092.YPO0283	214092.YPO0281	0.646	0	0.298	0	0.222	0	0	0.768	0.949
gltX	hemA	10925196	10924291	214092.YPO2984	214092.YPO2016	0	0	0	0	0.054	0	0.900	0.505	0.949
yfgL	b0053	10925099	10922856	214092.YPO2876	214092.YPO0494	0	0	0.456	0	0.063	0.618	0	0.770	0.949
pyrF	b0032	10924488	10922843	214092.YPO2227	214092.YPO0481	0.164	0	0	0	0.924	0	0	0.262	0.949
flaS	cheA	10924092	10923962	214092.YPO1808	214092.YPO1666	0.271	0	0.421	0	0.781	0	0	0.509	0.948
aroC	trpE	10924986	10924468	214092.YPO2751	214092.YPO2208	0.116	0	0.214	0	0.167	0	0.900	0.246	0.948
hsc	grpE	10925114	10923439	214092.YPO2892	214092.YPO1107	0.129	0.008	0.159	0	0.792	0.468	0	0.462	0.948
kefB	kefG	10922562	10922561	214092.YPO0191	214092.YPO0190	0.886	0	0.264	0	0.058	0.171	0	0.323	0.948
b0032	pyrE	10922843	10922430	214092.YPO0481	214092.YPO0045	0.164	0	0.168	0	0.912	0	0	0.263	0.948
alcA	YPO1529	10923835	10923834	214092.YPO1530	214092.YPO1529	0.754	0	0.778	0	0	0	0	0.113	0.947
yscP	yscO	10922335	10922334	214092.5832462	214092.5832461	0.845	0	0	0	0	0	0	0.671	0.947
glyA	trpA	10925129	10924463	214092.YPO2907	214092.YPO2203	0	0	0	0	0.062	0	0.900	0.482	0.947
flaN	flaS	10924107	10924092	214092.YPO1822	214092.YPO1808	0.130	0	0.659	0	0.334	0.159	0	0.732	0.947
pps	pykF	10924663	10924648	214092.YPO2409	214092.YPO2393	0.050	0.001	0	0	0.061	0	0.900	0.477	0.947
pps	pykA	10924663	10924335	214092.YPO2409	214092.YPO2064	0.050	0	0	0	0.061	0	0.900	0.477	0.947
YPO0500	YPO0499	10922862	10922861	214092.YPO0500	214092.YPO0499	0.832	0	0.686	0	0.059	0	0	0.047	0.946
malZ	malQ	10925392	10922501	214092.YPO3200	214092.YPO0126	0.130	0.033	0.200	0	0.126	0	0.900	0.261	0.946
leuS	thrS	10924854	10924685	214092.YPO2610	214092.YPO2433	0.051	0	0.628	0	0.640	0.325	0	0.477	0.946
thdF	yidC	10926242	10926241	214092.YPO4103	214092.YPO4102	0.622	0.164	0.267	0	0.086	0.113	0	0.767	0.946
argG	metL	10923872	10922493	214092.YPO1570	214092.YPO0116	0.334	0	0	0	0.344	0	0.800	0.465	0.946
b4041	gpsA	10922682	10922451	214092.YPO0312	214092.YPO0068	0.254	0	0	0	0.060	0.106	0.900	0.262	0.945
flaV	cheA	10924124	10923962	214092.YPO1841	214092.YPO1666	0.264	0	0.322	0	0.803	0	0	0.514	0.945
pta	poxB	10924816	10923670	214092.YPO2567	214092.YPO1358	0.064	0	0	0	0	0	0.900	0.465	0.945
poxB	acs	10923670	10922622	214092.YPO1358	214092.YPO0253	0	0	0	0	0.053	0	0.900	0.470	0.945
mtlA	npr	10926213	10925760	214092.YPO4068	214092.YPO3587	0.169	0	0	0	0	0.886	0	0.463	0.944
aceE	dld	10925599	10923504	214092.YPO3419	214092.YPO1177	0	0	0	0	0	0	0.900	0.462	0.943
pykF	poxB	10924648	10923670	214092.YPO2393	214092.YPO1358	0	0	0	0	0.062	0.106	0.900	0.403	0.943
flaV	flgH2	10924124	10924089	214092.YPO1841	214092.YPO1805	0.136	0	0.714	0	0.436	0	0	0.640	0.943
dnaA	recF	10926237	10926235	214092.YPO4097	214092.YPO4095	0.602	0	0.241	0	0.224	0.112	0	0.771	0.943
malS	malQ	10926222	10922501	214092.YPO4080	214092.YPO0126	0.116	0	0.258	0	0.126	0	0.900	0.172	0.943
glyA	trpB	10925129	10924464	214092.YPO2907	214092.YPO2204	0	0	0	0	0.066	0	0.900	0.438	0.942
phnP	lipB	10925642	10924843	214092.YPO3465	214092.YPO2599	0	0.636	0	0	0.091	0	0	0.840	0.942
irp7	fyuA	10924194	10924186	214092.YPO1914	214092.YPO1906	0.281	0	0.766	0	0.066	0	0	0.678	0.942
malS	glgX	10926222	10926100	214092.YPO4080	214092.YPO3941	0.116	0.177	0	0	0.094	0	0.900	0.259	0.942
leuS	b0026	10924854	10922836	214092.YPO2610	214092.YPO0475	0.160	0	0.292	0.580	0.830	0.382	0	0.785	0.942
agaY	agaZ	10923184	10923172	214092.YPO0844	214092.YPO0832	0.231	0	0.358	0	0.151	0.325	0.800	0.176	0.942
YPO1802	flgI	10924086	10923080	214092.YPO1802	214092.YPO0730	0.130	0.048	0.486	0	0.674	0	0	0.649	0.942
pta	b0728	10924816	10923447	214092.YPO2567	214092.YPO1115	0.340	0	0	0	0.162	0	0.800	0.530	0.941
YPO4062	cheY	10926207	10923974	214092.YPO4062	214092.YPO1680	0.093	0	0.400	0	0.163	0.362	0.800	0.181	0.941
purH	gcvT	10925896	10923244	214092.YPO3728	214092.YPO0907	0	0	0	0	0.344	0.106	0.900	0.115	0.941
hcp	nirB	10923672	10922536	214092.YPO1360	214092.YPO0161	0.164	0	0	0	0.065	0	0.900	0.321	0.939
groN	appR	10925915	10925536	214092.YPO3747	214092.YPO3355	0.058	0	0.182	0	0.055	0.905	0	0.256	0.939
gltA	pck	10923440	10922513	214092.YPO1108	214092.YPO0138	0.060	0	0	0	0.169	0	0.900	0.318	0.939
lpd	gcvT	10925597	10923244	214092.YPO3417	214092.YPO0907	0.116	0	0.216	0	0.109	0	0.900	0.172	0.939
flaF	YPO1802	10924125	10924086	214092.YPO1842	214092.YPO1802	0.081	0	0.730	0	0.442	0	0	0.614	0.939
YPO1298	YPO0404	10923612	10922770	214092.YPO1298	214092.YPO0404	0.169	0.029	0.692	0	0.553	0.159	0	0.464	0.939
pykA	maeA	10924335	10923816	214092.YPO2064	214092.YPO1511	0.102	0	0	0	0.080	0.155	0.900	0.260	0.938
adgA	pntB	10925132	10924558	214092.YPO2912	214092.YPO2302	0	0	0	0	0	0	0.900	0.410	0.938
pykF	maeA	10924648	10923816	214092.YPO2393	214092.YPO1511	0.102	0	0	0	0.080	0.155	0.900	0.260	0.938
metE	metG	10925953	10923827	214092.YPO3788	214092.YPO1522	0.169	0	0	0	0.060	0.106	0.900	0.254	0.938
glyA	purT	10925129	10924061	214092.YPO2907	214092.YPO1775	0.060	0	0	0	0.064	0	0.900	0.387	0.938
ypkA	yopM	10922365	10922320	214092.5832492	214092.5832447	0.063	0	0.715	0	0	0.366	0	0.680	0.938
ylpB	yscU	10922352	10922340	214092.5832479	214092.5832467	0.130	0	0.613	0	0.538	0	0	0.644	0.937
asuC	YPO2765	10925001	10925000	214092.YPO2766	214092.YPO2765	0.681	0.777	0	0	0.188	0	0	0.042	0.937
pykA	pck	10924335	10922513	214092.YPO2064	214092.YPO0138	0.053	0	0.195	0	0.072	0	0.900	0.247	0.937
sucA	gltA	10923445	10923440	214092.YPO1113	214092.YPO1108	0.214	0	0.213	0	0.806	0	0	0.543	0.937
adgA	pntA	10925132	10924559	214092.YPO2912	214092.YPO2303	0	0	0	0	0.058	0	0.900	0.384	0.936
YPO1800	YPO1790	10924084	10924076	214092.YPO1800	214092.YPO1790	0.116	0	0.765	0	0.233	0.106	0	0.621	0.936
acs	pck	10922622	10922513	214092.YPO0253	214092.YPO0138	0	0	0	0	0.460	0	0.800	0.462	0.936
alaS	b0026	10925489	10922836	214092.YPO3305	214092.YPO0475	0.130	0	0.338	0	0.734	0.338	0	0.462	0.935
yscQ	yscP	10922336	10922335	214092.5832463	214092.5832462	0.849	0	0	0	0.289	0	0	0.447	0.935
yfgL	engA	10925099	10925098	214092.YPO2876	214092.YPO2875	0.620	0.780	0.153	0	0.137	0.106	0	0	0.935
pps	dld	10924663	10923504	214092.YPO2409	214092.YPO1177	0.169	0	0	0	0.055	0	0.900	0.263	0.934
YPO1829	flgI	10924114	10923080	214092.YPO1829	214092.YPO0730	0.116	0	0.350	0	0.590	0.325	0	0.650	0.934
ilvD	leuC	10926061	10922892	214092.YPO3897	214092.YPO0531	0.168	0	0.579	0	0.651	0.106	0	0.483	0.933
ahpC	katA	10925387	10923530	214092.YPO3194	214092.YPO1207	0.057	0	0	0	0.776	0.403	0	0.534	0.933
groN	ndk	10925915	10925106	214092.YPO3747	214092.YPO2883	0.160	0	0	0	0.079	0.204	0.900	0.085	0.933
acn	sucA	10924482	10923445	214092.YPO2221	214092.YPO1113	0	0	0.379	0	0.574	0.161	0	0.731	0.932
malS	malZ	10926222	10925392	214092.YPO4080	214092.YPO3200	0.130	0	0.601	0.581	0	0	0.900	0.069	0.932
flaN	flgI	10924107	10923080	214092.YPO1822	214092.YPO0730	0.130	0	0.226	0	0.643	0	0	0.752	0.932
pnp	ndk	10925667	10925106	214092.YPO3490	214092.YPO2883	0.131	0	0	0	0.066	0	0.900	0.263	0.932
groN	pykF	10925915	10924648	214092.YPO3747	214092.YPO2393	0.130	0	0	0	0.082	0	0.900	0.247	0.931
purL	b0033	10925139	10922844	214092.YPO2921	214092.YPO0482	0.344	0	0	0	0.774	0	0	0.567	0.930
thdF	leuS	10926242	10924854	214092.YPO4103	214092.YPO2610	0	0.695	0.156	0	0.555	0	0	0.463	0.930
irp7	irp5	10924194	10924187	214092.YPO1914	214092.YPO1907	0.339	0	0.689	0	0.062	0	0	0.681	0.930
rpoC	far	10925914	10922573	214092.YPO3746	214092.YPO0202	0.260	0	0.211	0	0.771	0.106	0	0.502	0.929
pps	poxB	10924663	10923670	214092.YPO2409	214092.YPO1358	0.102	0	0	0	0	0	0.900	0.277	0.929
YPO0848	YPO0616	10923188	10922974	214092.YPO0848	214092.YPO0616	0.097	0	0.152	0	0.057	0	0.900	0.176	0.929
YPO3621	deoC1	10925794	10923637	214092.YPO3621	214092.YPO1323	0.116	0.249	0	0	0.055	0	0.900	0.044	0.929
btuE	gsh-II	10924676	10923271	214092.YPO2424	214092.YPO0935	0	0	0	0	0.057	0	0.900	0.310	0.929
YPO1201	aguA	10923526	10923275	214092.YPO1201	214092.YPO0939	0.131	0	0	0	0	0	0.900	0.246	0.928
mukB	parC	10923717	10923028	214092.YPO1405	214092.YPO0671	0	0	0	0	0	0.925	0	0.080	0.928
ppx	spoT	10925063	10922423	214092.YPO2837	214092.YPO0038	0.093	0	0	0	0.058	0	0.900	0.261	0.928
flaS	flgI	10924092	10923080	214092.YPO1808	214092.YPO0730	0.130	0.132	0.306	0	0.664	0	0	0.651	0.927
rpoC	pykF	10925914	10924648	214092.YPO3746	214092.YPO2393	0.130	0	0	0	0.068	0	0.900	0.213	0.927
iutA	iucD	10923328	10923327	214092.YPO0994	214092.YPO0993	0.648	0	0.415	0	0	0	0	0.671	0.926
asnB	metL	10924867	10922493	214092.YPO2623	214092.YPO0116	0.157	0	0.180	0	0.346	0	0.800	0.310	0.926
argS	asuD	10924317	10923225	214092.YPO2046	214092.YPO0888	0.046	0	0	0	0.795	0.383	0	0.465	0.926
hemB	hemA	10925938	10924291	214092.YPO3771	214092.YPO2016	0.164	0	0.680	0	0.520	0	0	0.497	0.926
spoT	recG	10922423	10922421	214092.YPO0038	214092.YPO0036	0.860	0	0.459	0	0.075	0	0	0.060	0.926
glmS	nagA	10926257	10924870	214092.YPO4118	214092.YPO2626	0.130	0	0	0	0	0	0.900	0.218	0.926
y3331	rph	10923281	10922429	214092.YPO0945	214092.YPO0044	0.260	0.899	0	0	0.086	0	0	0	0.926
malS	YPO0848	10926222	10923188	214092.YPO4080	214092.YPO0848	0.168	0	0	0	0.066	0	0.900	0.158	0.925
groN	relA	10925915	10925560	214092.YPO3747	214092.YPO3380	0.045	0	0	0	0	0.152	0.900	0.187	0.925
b0728	acs	10923447	10922622	214092.YPO1115	214092.YPO0253	0.086	0	0.212	0	0.347	0	0.800	0.327	0.925
rpoC	infB	10925914	10925673	214092.YPO3746	214092.YPO3496	0.043	0	0.406	0	0.559	0.109	0	0.716	0.925
YPO0502	YPO0501	10922864	10922863	214092.YPO0502	214092.YPO0501	0.498	0	0.751	0	0.222	0.326	0	0.043	0.925
groN	spoT	10925915	10922423	214092.YPO3747	214092.YPO0038	0.045	0	0	0	0	0.152	0.900	0.187	0.925
ndk	y3331	10925106	10923281	214092.YPO2883	214092.YPO0945	0.131	0	0	0	0.125	0.110	0.900	0.064	0.925
glu	pykA	10926090	10924335	214092.YPO3929	214092.YPO2064	0	0	0	0	0.062	0	0.900	0.259	0.924
YPO4023	fhuC	10926177	10925572	214092.YPO4023	214092.YPO3392	0	0.007	0.621	0	0.086	0	0.800	0.043	0.924
glu	pykF	10926090	10924648	214092.YPO3929	214092.YPO2393	0	0	0	0	0.062	0	0.900	0.259	0.924
sdaA	b4388	10924057	10922805	214092.YPO1771	214092.YPO0442	0	0	0	0	0	0	0.900	0.262	0.923
YPO1485	YPO1482	10923790	10923786	214092.YPO1485	214092.YPO1482	0.418	0	0.782	0	0.415	0	0	0.084	0.923
fdoH	YPO2966	10926204	10925178	214092.YPO4057	214092.YPO2966	0	0	0.690	0.685	0.055	0	0.900	0.080	0.923
purT	YPO0913	10924061	10923250	214092.YPO1775	214092.YPO0913	0.131	0	0	0	0.052	0	0.900	0.174	0.922
YPO1758	YPO1298	10924046	10923612	214092.YPO1758	214092.YPO1298	0.168	0	0	0	0.053	0.815	0	0.529	0.922
YPO3963	rbsA	10926122	10924752	214092.YPO3963	214092.YPO2500	0.058	0.025	0.620	0	0	0	0.800	0	0.922
yscL	yscU	10922354	10922340	214092.5832481	214092.5832467	0.068	0	0.656	0	0.341	0	0	0.674	0.922
cya	pykF	10926014	10924648	214092.YPO3848	214092.YPO2393	0	0	0.173	0	0	0.106	0.900	0.080	0.922
YPO2512	yecS	10924764	10924130	214092.YPO2512	214092.YPO1847	0.168	0.660	0.732	0	0.084	0	0	0.043	0.921
rpoC	spoT	10925914	10922423	214092.YPO3746	214092.YPO0038	0.046	0	0	0	0	0.166	0.900	0.132	0.921
rpoC	relA	10925914	10925560	214092.YPO3746	214092.YPO3380	0.046	0	0	0	0	0.166	0.900	0.132	0.921
YPO3472	YPO3468	10925649	10925645	214092.YPO3472	214092.YPO3468	0.770	0	0.670	0	0	0	0	0	0.921
b0033	pyrE	10922844	10922430	214092.YPO0482	214092.YPO0045	0.164	0	0	0	0.838	0	0	0.462	0.920
bglB	YPO0848	10925032	10923188	214092.YPO2803	214092.YPO0848	0.097	0	0	0	0.057	0	0.900	0.176	0.920
sucA	sdhA	10923445	10923443	214092.YPO1113	214092.YPO1111	0.402	0	0.154	0	0.772	0	0	0.390	0.920
thrS	serS	10924685	10923691	214092.YPO2433	214092.YPO1379	0.042	0	0.597	0	0.615	0.157	0	0.464	0.920
rpoC	ndk	10925914	10925106	214092.YPO3746	214092.YPO2883	0.164	0	0	0	0.086	0	0.900	0.076	0.919
pdxB	epd	10924998	10923259	214092.YPO2763	214092.YPO0922	0	0	0	0	0.054	0.151	0.900	0.114	0.919
malZ	bglB	10925392	10925032	214092.YPO3200	214092.YPO2803	0.051	0	0.169	0	0.051	0	0.900	0.081	0.918
flaF	flaS	10924125	10924092	214092.YPO1842	214092.YPO1808	0.090	0	0.703	0	0.400	0.249	0	0.431	0.918
YPO0502	YPO0500	10922864	10922862	214092.YPO0502	214092.YPO0500	0.498	0	0.775	0	0.059	0.326	0	0.042	0.918
malZ	YPO0616	10925392	10922974	214092.YPO3200	214092.YPO0616	0.051	0	0.164	0	0.051	0	0.900	0.081	0.918
ylpB	yscH	10922352	10922350	214092.5832479	214092.5832477	0.854	0	0	0	0.439	0	0	0.082	0.918
YPO1802	flgH	10924086	10923079	214092.YPO1802	214092.YPO0729	0.130	0	0.373	0	0.696	0	0	0.568	0.918
trpB	sdaA	10924464	10924057	214092.YPO2204	214092.YPO1771	0	0	0	0	0.051	0	0.900	0.206	0.918
fadB	pta	10925933	10924816	214092.YPO3766	214092.YPO2567	0.168	0	0	0	0	0	0.800	0.550	0.918
sgbU	araB	10925517	10924510	214092.YPO3333	214092.YPO2254	0.076	0	0.180	0	0	0	0.900	0	0.917
hsc	crpA	10925114	10922718	214092.YPO2892	214092.YPO0351	0.129	0	0.188	0	0.697	0.383	0	0.471	0.917
ftsZ	ddl	10922920	10922917	214092.YPO0560	214092.YPO0557	0.656	0	0	0	0.064	0.157	0	0.726	0.916
YPO1829	flgH	10924114	10923079	214092.YPO1829	214092.YPO0729	0.116	0	0.275	0	0.677	0.159	0	0.588	0.915
gltA	acs	10923440	10922622	214092.YPO1108	214092.YPO0253	0.162	0	0	0	0.799	0.159	0	0.475	0.915
rpiA2	b4383	10923607	10922802	214092.YPO1292	214092.YPO0439	0.130	0	0	0	0	0	0.900	0.110	0.915
flaS	flgC	10924092	10923074	214092.YPO1808	214092.YPO0723	0.130	0	0.323	0	0.632	0	0	0.655	0.915
drpA	b0026	10923401	10922836	214092.YPO1068	214092.YPO0475	0	0	0.272	0	0.691	0.383	0	0.463	0.915
relA	spoT	10925560	10922423	214092.YPO3380	214092.YPO0038	0	0	0.782	0.794	0	0	0.900	0	0.915
YPO0977	YPO0974	10923313	10923310	214092.YPO0977	214092.YPO0974	0.842	0	0.486	0	0	0	0	0.043	0.915
pepN	gsh-II	10923726	10923271	214092.YPO1414	214092.YPO0935	0	0	0	0	0.060	0	0.900	0.176	0.915
dadA	tyrB	10924412	10922691	214092.YPO2147	214092.YPO0322	0	0	0.183	0	0.051	0	0.900	0	0.915
YPO1288	gpm	10923603	10923464	214092.YPO1288	214092.YPO1133	0	0.068	0	0	0.050	0.147	0.900	0.056	0.915
gutB	YPO1298	10924754	10923612	214092.YPO2502	214092.YPO1298	0.157	0	0	0	0	0	0.900	0.080	0.915
YPO3621	b4383	10925794	10922802	214092.YPO3621	214092.YPO0439	0	0	0	0	0.052	0	0.900	0.183	0.915
YPO2765	thrB	10925000	10922821	214092.YPO2765	214092.YPO0460	0.130	0	0	0	0.724	0	0	0.673	0.914
YPO0616	YPO0166	10922974	10922541	214092.YPO0616	214092.YPO0166	0	0	0.162	0	0	0	0.900	0.061	0.914
rnb	cca	10924496	10923007	214092.YPO2235	214092.YPO0650	0	0	0	0	0.064	0.158	0.900	0	0.914
aceE	pykF	10925599	10924648	214092.YPO3419	214092.YPO2393	0	0	0	0	0	0	0.900	0.183	0.914
dga	glsA1	10926072	10923284	214092.YPO3909	214092.YPO0949	0	0	0	0	0	0	0.900	0.178	0.914
poxB	gltA	10923670	10923440	214092.YPO1358	214092.YPO1108	0.082	0	0	0	0	0	0.900	0.145	0.914
iutA	iucC	10923328	10923326	214092.YPO0994	214092.YPO0992	0.640	0	0.477	0	0	0	0	0.583	0.914
aceE	pykA	10925599	10924335	214092.YPO3419	214092.YPO2064	0	0	0	0	0	0	0.900	0.183	0.914
dga	glsA2	10926072	10924217	214092.YPO3909	214092.YPO1939	0	0	0	0	0	0	0.900	0.178	0.914
accA	acs	10923392	10922622	214092.YPO1060	214092.YPO0253	0.164	0	0	0	0	0	0.900	0.061	0.914
aceE	maeA	10925599	10923816	214092.YPO3419	214092.YPO1511	0.108	0	0	0	0.051	0	0.900	0.109	0.914
YPO0848	YPO0166	10923188	10922541	214092.YPO0848	214092.YPO0166	0.051	0	0	0	0	0	0.900	0.173	0.914
grpE	hslU	10923439	10922484	214092.YPO1107	214092.YPO0105	0	0	0	0	0.824	0	0	0.526	0.913
pykA	dld	10924335	10923504	214092.YPO2064	214092.YPO1177	0	0	0	0	0	0.106	0.900	0.108	0.913
dapF	b0033	10926011	10922844	214092.YPO3845	214092.YPO0482	0.163	0.894	0	0	0.054	0	0	0.081	0.913
bglB	YPO0166	10925032	10922541	214092.YPO2803	214092.YPO0166	0	0	0.151	0	0	0	0.900	0.061	0.913
pykF	dld	10924648	10923504	214092.YPO2393	214092.YPO1177	0	0	0	0	0	0.106	0.900	0.108	0.913
alaS	leuS	10925489	10924854	214092.YPO3305	214092.YPO2610	0.158	0	0.211	0	0.780	0.326	0	0.254	0.913
flaS	flgH	10924092	10923079	214092.YPO1808	214092.YPO0729	0.130	0	0.239	0	0.649	0.167	0	0.621	0.913
YPO3378	adgA	10925558	10925132	214092.YPO3378	214092.YPO2912	0.168	0	0	0	0	0	0.900	0	0.913
aceE	poxB	10925599	10923670	214092.YPO3419	214092.YPO1358	0	0	0	0	0	0.106	0.900	0.113	0.913
YPO3621	deoC2	10925794	10922801	214092.YPO3621	214092.YPO0436	0.116	0	0	0	0.055	0	0.900	0.085	0.913
metK	tyrB	10923267	10922691	214092.YPO0931	214092.YPO0322	0	0	0	0	0	0	0.900	0.174	0.913
YPO1800	flgH	10924084	10923079	214092.YPO1800	214092.YPO0729	0.130	0	0.265	0	0.674	0	0	0.631	0.912
sucD	gltA	10923448	10923440	214092.YPO1116	214092.YPO1108	0.192	0	0	0	0.777	0	0	0.554	0.912
maeA	poxB	10923816	10923670	214092.YPO1511	214092.YPO1358	0	0	0	0	0.102	0	0.900	0.100	0.912
YPO1800	flgI	10924084	10923080	214092.YPO1800	214092.YPO0730	0.130	0	0.393	0	0.583	0	0	0.651	0.912
pykF	spoT	10924648	10922423	214092.YPO2393	214092.YPO0038	0	0	0.160	0	0	0	0.900	0	0.912
ylpB	yscQ	10922352	10922336	214092.5832479	214092.5832463	0.068	0	0.766	0	0.143	0	0	0.583	0.911
YPO3965	YPO3958	10926124	10926117	214092.YPO3965	214092.YPO3958	0.221	0.027	0.712	0	0.058	0.344	0	0.463	0.911
yscL	yscH	10922354	10922350	214092.5832481	214092.5832477	0.847	0	0	0	0.415	0	0	0.085	0.911
pykA	poxB	10924335	10923670	214092.YPO2064	214092.YPO1358	0	0	0	0	0.062	0.106	0.900	0.070	0.911
YPO1804	YPO1790	10924088	10924076	214092.YPO1804	214092.YPO1790	0.116	0	0.707	0	0.333	0.382	0	0.300	0.911
fumA	sucD	10925519	10923448	214092.YPO3335	214092.YPO1116	0.348	0	0	0	0.557	0	0	0.719	0.911
aroC	hisD	10924986	10923853	214092.YPO2751	214092.YPO1548	0.130	0	0.154	0	0.369	0	0	0.829	0.910
fhuC	hmuT	10925572	10922652	214092.YPO3392	214092.YPO0281	0.130	0.011	0.401	0	0	0	0.800	0.244	0.910
YPO3378	pntA	10925558	10924559	214092.YPO3378	214092.YPO2303	0.139	0	0	0	0	0	0.900	0	0.910
nrdD	pykF	10925631	10924648	214092.YPO3454	214092.YPO2393	0.077	0	0	0	0	0.106	0.900	0	0.910
lpd	nifJ	10925597	10924590	214092.YPO3417	214092.YPO2334	0.133	0	0	0	0	0	0.800	0.527	0.910
YPO3378	spoT	10925558	10922423	214092.YPO3378	214092.YPO0038	0.138	0.007	0	0	0	0	0.900	0.050	0.910
nrdD	pykA	10925631	10924335	214092.YPO3454	214092.YPO2064	0.077	0	0	0	0	0.106	0.900	0	0.910
YPO2840	grpE	10925066	10923439	214092.YPO2840	214092.YPO1107	0.129	0	0	0	0.792	0.468	0	0.184	0.910
cysJ	cysW	10925552	10925223	214092.YPO3372	214092.YPO3013	0.124	0	0	0	0.822	0	0	0.467	0.909
argS	drpA	10924317	10923401	214092.YPO2046	214092.YPO1068	0	0	0	0	0.742	0.383	0	0.480	0.909
YPO3378	pntB	10925558	10924558	214092.YPO3378	214092.YPO2302	0.130	0	0	0	0	0	0.900	0	0.909
cya	relA	10926014	10925560	214092.YPO3848	214092.YPO3380	0	0	0	0	0.055	0	0.900	0.120	0.909
YPO3621	rpiA2	10925794	10923607	214092.YPO3621	214092.YPO1292	0.061	0.066	0	0	0.051	0	0.900	0.075	0.909
YPO3600	clpB2	10925773	10925772	214092.YPO3600	214092.YPO3599	0.858	0	0.385	0	0	0	0	0	0.909
infB	ychF	10925673	10924285	214092.YPO3496	214092.YPO2010	0.059	0	0.529	0	0.168	0	0	0.783	0.909
purL	glyA	10925139	10925129	214092.YPO2921	214092.YPO2907	0.169	0	0	0	0.783	0	0	0.540	0.909
glxK	YPO3978	10926138	10926136	214092.YPO3980	214092.YPO3978	0.592	0.458	0.604	0	0.062	0	0	0.062	0.909
YPO3312	b4041	10925496	10922682	214092.YPO3312	214092.YPO0312	0	0	0	0	0	0	0.900	0.126	0.908
malZ	YPO0166	10925392	10922541	214092.YPO3200	214092.YPO0166	0.051	0	0	0	0	0	0.900	0.114	0.908
ndk	pykA	10925106	10924335	214092.YPO2883	214092.YPO2064	0	0	0	0	0.079	0	0.900	0.085	0.908
YPO0506	YPO0501	10922868	10922863	214092.YPO0506	214092.YPO0501	0.354	0	0.558	0	0.058	0.349	0	0.556	0.908
ndk	pykF	10925106	10924648	214092.YPO2883	214092.YPO2393	0	0	0	0	0.079	0	0.900	0.085	0.908
YPO0510	YPO0499	10922872	10922861	214092.YPO0510	214092.YPO0499	0.230	0	0.551	0	0	0	0	0.756	0.908
rnb	rph	10924496	10922429	214092.YPO2235	214092.YPO0044	0	0	0	0	0.058	0	0.900	0.108	0.908
groN	gyrA	10925915	10923539	214092.YPO3747	214092.YPO1216	0	0	0.307	0	0.226	0.115	0	0.829	0.908
yscK	yscH	10922353	10922350	214092.5832480	214092.5832477	0.847	0	0	0	0.380	0	0	0.101	0.908
pnp	pykF	10925667	10924648	214092.YPO3490	214092.YPO2393	0	0	0	0	0.072	0	0.900	0.080	0.907
flaV	flgC	10924124	10923074	214092.YPO1841	214092.YPO0723	0.131	0	0.212	0	0.655	0	0	0.655	0.907
thrS	asuD	10924685	10923225	214092.YPO2433	214092.YPO0888	0.122	0	0	0	0.775	0.236	0	0.462	0.907
cpdB	YPO0141	10925707	10922516	214092.YPO3530	214092.YPO0141	0.052	0	0	0	0	0	0.900	0.107	0.907
lpd	poxB	10925597	10923670	214092.YPO3417	214092.YPO1358	0	0	0	0	0.051	0	0.900	0.101	0.907
nifJ	pck	10924590	10922513	214092.YPO2334	214092.YPO0138	0.155	0	0	0	0.069	0	0.800	0.479	0.907
aroC	aroE	10924986	10922617	214092.YPO2751	214092.YPO0246	0.164	0	0.701	0	0.318	0.106	0	0.481	0.906
asuD	b0026	10923225	10922836	214092.YPO0888	214092.YPO0475	0	0	0.232	0	0.676	0.383	0	0.462	0.906
zipA	dnaL	10925202	10925201	214092.YPO2990	214092.YPO2989	0.678	0.703	0	0	0.054	0	0	0.084	0.906
cya	pykA	10926014	10924335	214092.YPO3848	214092.YPO2064	0	0	0	0	0	0.106	0.900	0	0.906
pta	accA	10924816	10923392	214092.YPO2567	214092.YPO1060	0	0	0	0	0	0.106	0.900	0	0.906
glxK	gpm	10926138	10923464	214092.YPO3980	214092.YPO1133	0	0	0	0	0	0	0.900	0.103	0.906
pepB	gsh-II	10925111	10923271	214092.YPO2889	214092.YPO0935	0.090	0	0	0	0.054	0	0.900	0	0.906
fdhB	trxB	10924428	10923686	214092.YPO2164	214092.YPO1374	0	0	0	0	0.054	0	0.900	0.085	0.905
groN	nrdD	10925915	10925631	214092.YPO3747	214092.YPO3454	0	0	0	0	0	0	0.900	0.085	0.904
ndk	spoT	10925106	10922423	214092.YPO2883	214092.YPO0038	0.083	0	0	0	0	0	0.900	0	0.904
YPO3378	pyrF	10925558	10924488	214092.YPO3378	214092.YPO2227	0	0	0	0	0.086	0	0.900	0	0.904
maeA	dld	10923816	10923504	214092.YPO1511	214092.YPO1177	0	0	0	0	0.053	0	0.900	0.071	0.904
relA	ndk	10925560	10925106	214092.YPO3380	214092.YPO2883	0.083	0	0	0	0	0	0.900	0	0.904
cysJ	YPO1194	10925552	10923521	214092.YPO3372	214092.YPO1194	0	0	0	0	0.051	0	0.900	0.061	0.903
metE	tyrB	10925953	10922691	214092.YPO3788	214092.YPO0322	0	0	0	0	0.052	0	0.900	0.061	0.903
purL	b0026	10925139	10922836	214092.YPO2921	214092.YPO0475	0.299	0	0	0	0.764	0	0	0.464	0.903
dgt	YPO0141	10925563	10922516	214092.YPO3383	214092.YPO0141	0.075	0	0	0	0	0	0.900	0.044	0.903
pnp	pykA	10925667	10924335	214092.YPO3490	214092.YPO2064	0	0	0	0	0.072	0	0.900	0	0.903
pykA	pgk	10924335	10923258	214092.YPO2064	214092.YPO0921	0.139	0.006	0.307	0	0.781	0.152	0	0.262	0.903
poxB	dld	10923670	10923504	214092.YPO1358	214092.YPO1177	0.052	0	0	0	0.057	0	0.900	0.044	0.903
arcB	cheW	10925730	10923963	214092.YPO3555	214092.YPO1667	0.179	0	0	0	0.547	0.535	0	0.506	0.903
YPO0664	b4383	10923021	10922802	214092.YPO0664	214092.YPO0439	0.076	0	0	0	0	0	0.900	0	0.903
lpd	YPO1529	10925597	10923834	214092.YPO3417	214092.YPO1529	0	0	0	0	0.060	0	0.900	0.043	0.902
dgt	pykF	10925563	10924648	214092.YPO3383	214092.YPO2393	0	0	0	0	0.066	0	0.900	0	0.902
pnp	spoT	10925667	10922423	214092.YPO3490	214092.YPO0038	0.047	0	0	0	0.055	0	0.900	0.042	0.902
glsA2	b0033	10924217	10922844	214092.YPO1939	214092.YPO0482	0	0	0	0	0.060	0	0.900	0.043	0.902
dgt	pykA	10925563	10924335	214092.YPO3383	214092.YPO2064	0	0	0	0	0.066	0	0.900	0	0.902
pyrF	YPO0141	10924488	10922516	214092.YPO2227	214092.YPO0141	0.055	0	0	0	0.054	0	0.900	0	0.902
glsA1	b0033	10923284	10922844	214092.YPO0949	214092.YPO0482	0	0	0	0	0.060	0	0.900	0.043	0.902
YPO3378	pykF	10925558	10924648	214092.YPO3378	214092.YPO2393	0.068	0	0	0	0	0	0.900	0	0.902
infB	pnp	10925673	10925667	214092.YPO3496	214092.YPO3490	0.377	0	0.229	0	0.433	0.152	0	0.643	0.902
YPO3378	pykA	10925558	10924335	214092.YPO3378	214092.YPO2064	0.068	0	0	0	0	0	0.900	0	0.902
thiL	rsgA	10925373	10922732	214092.YPO3180	214092.YPO0365	0.043	0	0	0	0.058	0	0.900	0	0.901
trpB	b4388	10924464	10922805	214092.YPO2204	214092.YPO0442	0.044	0	0	0	0.054	0	0.900	0	0.901
cya	spoT	10926014	10922423	214092.YPO3848	214092.YPO0038	0	0	0	0	0.055	0	0.900	0	0.901
thiE	rsgA	10925908	10922732	214092.YPO3740	214092.YPO0365	0.043	0	0	0	0.055	0	0.900	0	0.901
YPO3378	ndk	10925558	10925106	214092.YPO3378	214092.YPO2883	0	0	0	0	0.059	0	0.900	0	0.901
hutH	hisD	10926170	10923853	214092.YPO4016	214092.YPO1548	0.058	0	0	0	0	0	0.900	0	0.901
dgt	ndk	10925563	10925106	214092.YPO3383	214092.YPO2883	0	0	0	0	0.052	0	0.900	0	0.901
relA	pykF	10925560	10924648	214092.YPO3380	214092.YPO2393	0	0	0	0	0	0	0.900	0.051	0.901
YPO3378	YPO0141	10925558	10922516	214092.YPO3378	214092.YPO0141	0	0	0	0	0.058	0	0.900	0	0.901
YPO2402	alr	10924656	10922690	214092.YPO2402	214092.YPO0321	0.052	0	0	0	0	0	0.900	0	0.901
trpA	sdaA	10924463	10924057	214092.YPO2203	214092.YPO1771	0	0	0	0	0	0	0.900	0.057	0.901
trpA	b4388	10924463	10922805	214092.YPO2203	214092.YPO0442	0	0	0	0	0.055	0	0.900	0	0.901
y3331	YPO0141	10923281	10922516	214092.YPO0945	214092.YPO0141	0	0	0	0	0.052	0	0.900	0	0.901
purH	YPO0141	10925896	10922516	214092.YPO3728	214092.YPO0141	0	0	0	0	0.053	0	0.900	0	0.901
nrdD	ndk	10925631	10925106	214092.YPO3454	214092.YPO2883	0	0	0	0	0	0	0.900	0.042	0.900
groN	YPO3378	10925915	10925558	214092.YPO3747	214092.YPO3378	0	0	0	0	0	0	0.900	0.044	0.900
glsA1	b0032	10923284	10922843	214092.YPO0949	214092.YPO0481	0	0	0	0	0	0	0.900	0	0.900
pykA	spoT	10924335	10922423	214092.YPO2064	214092.YPO0038	0	0	0	0	0	0	0.900	0	0.900
cya	rpoC	10926014	10925914	214092.YPO3848	214092.YPO3746	0	0	0	0	0	0	0.900	0.043	0.900
purT	gcvT	10924061	10923244	214092.YPO1775	214092.YPO0907	0	0	0	0	0	0	0.900	0	0.900
relA	pykA	10925560	10924335	214092.YPO3380	214092.YPO2064	0	0	0	0	0	0	0.900	0	0.900
nrdD	relA	10925631	10925560	214092.YPO3454	214092.YPO3380	0	0	0	0	0	0	0.900	0	0.900
flgH2	flgC	10924089	10923074	214092.YPO1805	214092.YPO0723	0.130	0	0.168	0	0.674	0	0	0.627	0.900
katY	tyrB	10925503	10922691	214092.YPO3319	214092.YPO0322	0	0	0	0	0	0	0.900	0	0.900
gidA	yidC	10926269	10926241	214092.YPO4130	214092.YPO4102	0.260	0	0.150	0	0.333	0	0	0.789	0.900
nrdD	dgt	10925631	10925563	214092.YPO3454	214092.YPO3383	0	0	0	0	0	0	0.900	0	0.900
glmS	glsA2	10926257	10924217	214092.YPO4118	214092.YPO1939	0	0	0	0	0	0	0.900	0	0.900
cya	ndk	10926014	10925106	214092.YPO3848	214092.YPO2883	0	0	0	0	0	0	0.900	0	0.900
cya	YPO3378	10926014	10925558	214092.YPO3848	214092.YPO3378	0	0	0	0	0	0	0.900	0.044	0.900
cya	nrdD	10926014	10925631	214092.YPO3848	214092.YPO3454	0	0	0	0	0	0	0.900	0	0.900
nrdD	spoT	10925631	10922423	214092.YPO3454	214092.YPO0038	0	0	0	0	0	0	0.900	0	0.900
nifJ	accA	10924590	10923392	214092.YPO2334	214092.YPO1060	0	0	0	0	0	0	0.900	0.044	0.900
nrdD	YPO3378	10925631	10925558	214092.YPO3454	214092.YPO3378	0	0	0	0	0	0	0.900	0	0.900
rpoC	YPO3378	10925914	10925558	214092.YPO3746	214092.YPO3378	0	0	0	0	0	0	0.900	0	0.900
fdoH	YPO1501	10926204	10923806	214092.YPO4057	214092.YPO1501	0	0	0	0	0	0	0.900	0	0.900
rpoC	nrdD	10925914	10925631	214092.YPO3746	214092.YPO3454	0	0	0	0	0	0	0.900	0	0.900
cya	groN	10926014	10925915	214092.YPO3848	214092.YPO3747	0	0	0	0	0	0	0.900	0	0.900
thiE	appA	10925908	10923947	214092.YPO3740	214092.YPO1648	0	0	0	0	0	0	0.900	0	0.900
YPO2403	alr	10924657	10922690	214092.YPO2403	214092.YPO0321	0	0	0	0	0	0	0.900	0	0.900
glsA2	b0032	10924217	10922843	214092.YPO1939	214092.YPO0481	0	0	0	0	0	0	0.900	0	0.900
glmS	glsA1	10926257	10923284	214092.YPO4118	214092.YPO0949	0	0	0	0	0	0	0.900	0	0.900